{"metrics":{"iterations":{"values":{"count":77723,"rate":517.6422308598312},"type":"counter","contains":"default"},"response_time_":{"values":{"p(90)":78.48511380000004,"p(95)":96.66378339999997,"avg":35.540947106609806,"min":0.819405,"med":19.487322,"max":404.956235},"type":"trend","contains":"default"},"http_req_duration{expected_response:true}":{"values":{"min":0.819405,"med":24.6184145,"max":615.433922,"p(90)":98.755794,"p(95)":171.0326983999999,"avg":48.15876310987062},"type":"trend","contains":"time"},"response_time_api_v1_products_1":{"type":"trend","contains":"default","values":{"max":416.0338,"p(90)":89.445852,"p(95)":117.44577269999984,"avg":42.671488233572866,"min":1.056106,"med":23.306444}},"http_req_sending":{"type":"trend","contains":"time","values":{"p(90)":0.0246,"p(95)":0.034801,"avg":0.016644837201778815,"min":0.0031,"med":0.007401,"max":19.597568}},"http_req_waiting":{"type":"trend","contains":"time","values":{"p(95)":167.44986484999998,"avg":46.91136820197017,"min":0.776005,"med":23.946230999999997,"max":593.112753,"p(90)":97.0012297}},"response_time_api_v1_products_1_reviews":{"type":"trend","contains":"default","values":{"p(95)":189.90412879999977,"avg":55.22117856045181,"min":1.516997,"med":27.974202,"max":512.950199,"p(90)":146.0818316}},"data_received":{"contains":"data","values":{"count":6040631560,"rate":40231154.18242608},"type":"counter"},"vus_max":{"type":"gauge","contains":"default","values":{"value":150,"min":150,"max":150}},"http_req_duration":{"type":"trend","contains":"time","values":{"avg":48.15876310987062,"min":0.819405,"med":24.6184145,"max":615.433922,"p(90)":98.755794,"p(95)":171.0326983999999}},"http_reqs":{"type":"counter","contains":"default","values":{"rate":3105.8533851589873,"count":466338}},"iteration_duration":{"values":{"max":1455.721149,"p(90)":507.54291520000004,"p(95)":596.1117439999999,"avg":289.6538095837387,"min":55.360063,"med":217.102399},"type":"trend","contains":"time"},"http_req_connecting":{"type":"trend","contains":"time","values":{"avg":0.00007790501739081955,"min":0,"med":0,"max":2.095934,"p(90)":0,"p(95)":0}},"http_req_receiving":{"type":"trend","contains":"time","values":{"min":-0.760024,"med":0.0332,"max":304.292472,"p(90)":2.0239078999999993,"p(95)":4.625142249999997,"avg":1.2307500706997831}},"checks":{"type":"rate","contains":"default","values":{"rate":1,"passes":466338,"fails":0}},"http_req_tls_handshaking":{"values":{"avg":0,"min":0,"med":0,"max":0,"p(90)":0,"p(95)":0},"type":"trend","contains":"time"},"response_time_api_v1_products":{"type":"trend","contains":"default","values":{"avg":38.62558074393697,"min":1.401502,"med":22.711463,"max":485.214666,"p(90)":80.42140380000005,"p(95)":103.1815933}},"vus":{"contains":"default","values":{"min":150,"max":150,"value":150},"type":"gauge"},"http_req_blocked":{"contains":"time","values":{"min":0.001,"med":0.0027,"max":9.073715,"p(90)":0.007,"p(95)":0.011701,"avg":0.004252328894494929},"type":"trend"},"response_time_productpage":{"type":"trend","contains":"default","values":{"max":615.433922,"p(90)":195.62352420000002,"p(95)":277.04357549999963,"avg":77.43977089803523,"min":4.672466,"med":48.872754}},"http_req_failed":{"contains":"default","values":{"rate":0,"passes":0,"fails":466338},"type":"rate"},"response_time_api_v1_products_1_ratings":{"type":"trend","contains":"default","values":{"min":1.012093,"med":20.030956,"max":479.533798,"p(90)":90.52390300000002,"p(95)":136.67941089999997,"avg":39.45361311661921}},"data_sent":{"type":"counter","contains":"data","values":{"rate":281079.7313568883,"count":42203589}}},"root_group":{"path":"","id":"d41d8cd98f00b204e9800998ecf8427e","groups":[],"checks":[{"passes":466338,"fails":0,"name":"status was 200","path":"::status was 200","id":"1461660757a913d4fb82ac4c5e1009de"}],"name":""},"options":{"summaryTrendStats":["avg","min","med","max","p(90)","p(95)"],"summaryTimeUnit":"","noColor":false},"state":{"isStdOutTTY":true,"isStdErrTTY":true,"testRunDurationMs":150148.104939}}