{"metrics":{"response_time_api_v1_products_1_reviews":{"type":"trend","contains":"default","values":{"avg":43.65753267548934,"min":0.956615,"med":16.2120935,"max":769.171438,"p(90)":104.14087649999999,"p(95)":157.66343625}},"http_req_duration{expected_response:true}":{"type":"trend","contains":"time","values":{"min":0.768639,"med":14.884687,"max":794.970842,"p(90)":94.9100845,"p(95)":117.38139525,"avg":38.78195395135087}},"response_time_api_v1_products":{"values":{"min":1.074295,"med":14.128113500000001,"max":598.174029,"p(90)":83.4227765,"p(95)":96.9566895,"avg":33.14720135345249},"type":"trend","contains":"default"},"http_req_blocked":{"type":"trend","contains":"time","values":{"max":6.833584,"p(90)":0.0112,"p(95)":0.0133,"avg":0.005790359718463687,"min":0.0011,"med":0.002805}},"iteration_duration":{"type":"trend","contains":"time","values":{"min":34.286424,"med":174.1579235,"max":1325.057171,"p(90)":483.23468349999996,"p(95)":572.294973,"avg":233.5041546184907}},"iterations":{"contains":"default","values":{"count":64266,"rate":428.1978513888466},"type":"counter"},"http_req_failed":{"type":"rate","contains":"default","values":{"passes":0,"fails":385596,"rate":0}},"vus":{"type":"gauge","contains":"default","values":{"max":100,"value":100,"min":100}},"response_time_api_v1_products_1_ratings":{"type":"trend","contains":"default","values":{"max":614.352719,"p(90)":90.7491715,"p(95)":104.977007,"avg":34.882020924781365,"min":0.769109,"med":13.0831055}},"response_time_productpage":{"contains":"default","values":{"min":2.313619,"med":22.6841395,"max":794.970842,"p(90)":170.7641245,"p(95)":202.19476175,"avg":59.2136134612392},"type":"trend"},"data_received":{"values":{"count":4994753520,"rate":33279537.009941157},"type":"counter","contains":"data"},"vus_max":{"type":"gauge","contains":"default","values":{"value":100,"min":100,"max":100}},"data_sent":{"type":"counter","contains":"data","values":{"count":34896438,"rate":232511.4333041437}},"http_reqs":{"values":{"count":385596,"rate":2569.1871083330793},"type":"counter","contains":"default"},"http_req_waiting":{"type":"trend","contains":"time","values":{"max":787.395953,"p(90)":93.653798,"p(95)":113.70057299999999,"avg":37.64275353948427,"min":0.740338,"med":14.327016}},"http_req_sending":{"type":"trend","contains":"time","values":{"max":22.751464,"p(90)":0.032202,"p(95)":0.037801,"avg":0.018236909682678798,"min":0.003197,"med":0.0078}},"checks":{"type":"rate","contains":"default","values":{"passes":385596,"fails":0,"rate":1}},"response_time_":{"type":"trend","contains":"default","values":{"p(95)":94.68405925,"avg":28.70309700644164,"min":0.768639,"med":11.3282745,"max":586.983598,"p(90)":80.8400255}},"http_req_duration":{"type":"trend","contains":"time","values":{"avg":38.78195395135087,"min":0.768639,"med":14.884687,"max":794.970842,"p(90)":94.9100845,"p(95)":117.38139525}},"http_req_connecting":{"type":"trend","contains":"time","values":{"max":0.524506,"p(90)":0,"p(95)":0,"avg":0.000033547705370387685,"min":0,"med":0}},"http_req_tls_handshaking":{"contains":"time","values":{"avg":0,"min":0,"med":0,"max":0,"p(90)":0,"p(95)":0},"type":"trend"},"http_req_receiving":{"type":"trend","contains":"time","values":{"avg":1.1209635021836135,"min":-0.5772,"med":0.037702,"max":397.476671,"p(90)":1.5975139999999999,"p(95)":3.47572475}},"response_time_api_v1_products_1":{"type":"trend","contains":"default","values":{"avg":33.08825828669888,"min":0.930711,"med":12.8075665,"max":699.044115,"p(90)":87.97491600000001,"p(95)":101.42403525}}},"root_group":{"checks":[{"name":"status was 200","path":"::status was 200","id":"1461660757a913d4fb82ac4c5e1009de","passes":385596,"fails":0}],"name":"","path":"","id":"d41d8cd98f00b204e9800998ecf8427e","groups":[]},"options":{"summaryTrendStats":["avg","min","med","max","p(90)","p(95)"],"summaryTimeUnit":"","noColor":false},"state":{"isStdOutTTY":true,"isStdErrTTY":true,"testRunDurationMs":150084.825955}}