{"root_group":{"name":"","path":"","id":"d41d8cd98f00b204e9800998ecf8427e","groups":[],"checks":[{"name":"status was 200","path":"::status was 200","id":"1461660757a913d4fb82ac4c5e1009de","passes":369042,"fails":0}]},"options":{"summaryTrendStats":["avg","min","med","max","p(90)","p(95)"],"summaryTimeUnit":"","noColor":false},"state":{"testRunDurationMs":150167.02116,"isStdOutTTY":true,"isStdErrTTY":true},"metrics":{"response_time_api_v1_products_1_ratings":{"type":"trend","contains":"default","values":{"p(95)":82.3671088,"avg":17.915403218154186,"min":0.718312,"med":5.617793,"max":305.583868,"p(90)":64.4011718}},"checks":{"values":{"passes":369042,"fails":0,"rate":1},"type":"rate","contains":"default"},"http_req_duration{expected_response:true}":{"values":{"avg":20.21127765187448,"min":0.523106,"med":6.395595,"max":389.233571,"p(90)":67.5189508,"p(95)":85.58887750000002},"type":"trend","contains":"time"},"iteration_duration":{"contains":"time","values":{"avg":122.01196119591309,"min":18.058362,"med":89.162204,"max":856.500766,"p(90)":284.3304152,"p(95)":386.95001229999997},"type":"trend"},"response_time_":{"type":"trend","contains":"default","values":{"max":268.435387,"p(90)":55.6965986,"p(95)":70.9350781,"avg":13.547349363340855,"min":0.523106,"med":4.265838}},"http_req_receiving":{"contains":"time","values":{"p(95)":2.14743665,"avg":0.7048498440286182,"min":0.0084,"med":0.032401,"max":168.817206,"p(90)":1.0559118},"type":"trend"},"iterations":{"type":"counter","contains":"default","values":{"count":61507,"rate":409.5905980212893}},"http_req_tls_handshaking":{"contains":"time","values":{"min":0,"med":0,"max":0,"p(90)":0,"p(95)":0,"avg":0},"type":"trend"},"response_time_api_v1_products_1":{"type":"trend","contains":"default","values":{"min":0.758414,"med":5.408598,"max":315.971754,"p(90)":61.9524424,"p(95)":80.36648939999999,"avg":17.637123599200024}},"response_time_api_v1_products_1_reviews":{"type":"trend","contains":"default","values":{"p(90)":70.82959000000001,"p(95)":88.37958449999999,"avg":21.46890423660714,"min":1.133622,"med":6.789094,"max":302.773914}},"http_req_connecting":{"type":"trend","contains":"time","values":{"med":0,"max":1.395825,"p(90)":0,"p(95)":0,"avg":0.00002111530123942532,"min":0}},"data_received":{"contains":"data","values":{"rate":31833381.278214604,"count":4780324040},"type":"counter"},"http_req_waiting":{"type":"trend","contains":"time","values":{"avg":19.489891599021302,"min":0.491806,"med":6.104259,"max":388.124953,"p(90)":66.4585977,"p(95)":84.05473180000001}},"http_reqs":{"type":"counter","contains":"default","values":{"count":369042,"rate":2457.543588127736}},"response_time_api_v1_products":{"values":{"p(90)":66.230586,"p(95)":80.96684210000001,"avg":18.760232118734525,"min":0.943516,"med":5.81181,"max":301.798396},"type":"trend","contains":"default"},"response_time_productpage":{"type":"trend","contains":"default","values":{"avg":31.938653375209487,"min":2.079835,"med":11.477198,"max":389.233571,"p(90)":88.43528280000001,"p(95)":109.01352369999996}},"data_sent":{"contains":"data","values":{"count":33398301,"rate":222407.69472556008},"type":"counter"},"vus":{"contains":"default","values":{"value":50,"min":50,"max":50},"type":"gauge"},"vus_max":{"type":"gauge","contains":"default","values":{"value":50,"min":50,"max":50}},"http_req_failed":{"type":"rate","contains":"default","values":{"passes":0,"fails":369042,"rate":0}},"http_req_blocked":{"type":"trend","contains":"time","values":{"max":10.452172,"p(90)":0.009101,"p(95)":0.0128,"avg":0.004660578936817377,"min":0.0011,"med":0.0028}},"http_req_duration":{"type":"trend","contains":"time","values":{"avg":20.21127765187448,"min":0.523106,"med":6.395595,"max":389.233571,"p(90)":67.5189508,"p(95)":85.58887750000002}},"http_req_sending":{"type":"trend","contains":"time","values":{"p(90)":0.028501,"p(95)":0.035901,"avg":0.016536208824477504,"min":0.0034,"med":0.007601,"max":14.163468}}}}