{"options":{"summaryTrendStats":["avg","min","med","max","p(90)","p(95)"],"summaryTimeUnit":"","noColor":false},"state":{"isStdOutTTY":true,"isStdErrTTY":true,"testRunDurationMs":150135.300312},"metrics":{"vus_max":{"values":{"min":100,"max":100,"value":100},"type":"gauge","contains":"default"},"response_time_api_v1_products_1_reviews":{"values":{"p(90)":98.8119025,"p(95)":149.427046,"avg":41.2753537249908,"min":1.490822,"med":15.3236805,"max":668.480521},"type":"trend","contains":"default"},"vus":{"type":"gauge","contains":"default","values":{"value":100,"min":100,"max":100}},"data_sent":{"values":{"rate":240932.59829519794,"count":36172488},"type":"counter","contains":"data"},"http_req_duration":{"values":{"avg":37.42485300867411,"min":0.747006,"med":13.9922775,"max":688.084439,"p(90)":91.751361,"p(95)":115.94394324999999},"type":"trend","contains":"time"},"response_time_api_v1_products":{"type":"trend","contains":"default","values":{"avg":32.0228992262068,"min":1.203219,"med":12.800162499999999,"max":306.78502,"p(90)":82.0282835,"p(95)":98.11896300000001}},"checks":{"contains":"default","values":{"passes":399696,"fails":0,"rate":1},"type":"rate"},"iterations":{"contains":"default","values":{"count":66616,"rate":443.70644253259286},"type":"counter"},"iteration_duration":{"type":"trend","contains":"time","values":{"med":172.2155415,"max":1079.932782,"p(90)":440.439959,"p(95)":572.020249,"avg":225.28059200614092,"min":29.949004}},"http_reqs":{"type":"counter","contains":"default","values":{"count":399696,"rate":2662.2386551955574}},"http_req_sending":{"type":"trend","contains":"time","values":{"avg":0.017880970712749567,"min":0.0031,"med":0.0076,"max":14.914662,"p(90)":0.0285,"p(95)":0.036}},"http_req_receiving":{"type":"trend","contains":"time","values":{"avg":0.9841363354323983,"min":0.0087,"med":0.0332,"max":207.474888,"p(90)":1.353823,"p(95)":3.10655125}},"response_time_api_v1_products_1":{"type":"trend","contains":"default","values":{"min":1.077919,"med":12.518051499999999,"max":483.354925,"p(90)":87.82944499999999,"p(95)":105.2111715,"avg":33.831624685976166}},"http_req_blocked":{"contains":"time","values":{"avg":0.0044672898928203135,"min":0.0011,"med":0.002701,"max":12.37498,"p(90)":0.0089,"p(95)":0.012401},"type":"trend"},"http_req_failed":{"type":"rate","contains":"default","values":{"fails":399696,"rate":0,"passes":0}},"http_req_duration{expected_response:true}":{"type":"trend","contains":"time","values":{"p(90)":91.751361,"p(95)":115.94394324999999,"avg":37.42485300867411,"min":0.747006,"med":13.9922775,"max":688.084439}},"http_req_waiting":{"values":{"avg":36.42283570252883,"min":0.724006,"med":13.543763,"max":682.693252,"p(90)":90.52877050000001,"p(95)":112.6726945},"type":"trend","contains":"time"},"response_time_productpage":{"contains":"default","values":{"min":2.883942,"med":23.434202,"max":688.084439,"p(90)":166.332402,"p(95)":199.47910149999998,"avg":58.227388044313386},"type":"trend"},"http_req_connecting":{"type":"trend","contains":"time","values":{"avg":0.000025641197309955552,"min":0,"med":0,"max":1.040818,"p(90)":0,"p(95)":0}},"response_time_api_v1_products_1_ratings":{"type":"trend","contains":"default","values":{"avg":33.61922257814896,"min":1.083418,"med":12.628387499999999,"max":584.328459,"p(90)":88.220035,"p(95)":105.45949325000001}},"data_received":{"values":{"rate":34484864.71363312,"count":5177395520},"type":"counter","contains":"data"},"http_req_tls_handshaking":{"type":"trend","contains":"time","values":{"med":0,"max":0,"p(90)":0,"p(95)":0,"avg":0,"min":0}},"response_time_":{"type":"trend","contains":"default","values":{"max":495.845527,"p(90)":76.559567,"p(95)":92.9404595,"avg":25.572629792407202,"min":0.747006,"med":9.8127265}}},"root_group":{"name":"","path":"","id":"d41d8cd98f00b204e9800998ecf8427e","groups":[],"checks":[{"name":"status was 200","path":"::status was 200","id":"1461660757a913d4fb82ac4c5e1009de","passes":399696,"fails":0}]}}