{"state":{"isStdOutTTY":true,"isStdErrTTY":true,"testRunDurationMs":150381.468135},"metrics":{"http_req_waiting":{"type":"trend","contains":"time","values":{"min":0.873306,"med":42.212391499999995,"max":827.456809,"p(90)":141.5629955,"p(95)":206.22471725,"avg":64.55745768368465}},"response_time_productpage":{"type":"trend","contains":"default","values":{"avg":105.32129387358829,"min":3.796679,"med":69.919288,"max":839.395492,"p(90)":279.8500835,"p(95)":382.251226}},"iteration_duration":{"type":"trend","contains":"time","values":{"p(95)":805.589109,"avg":397.09957602181413,"min":107.172908,"med":308.306019,"max":1272.697839,"p(90)":709.44049}},"http_req_duration{expected_response:true}":{"type":"trend","contains":"time","values":{"p(95)":210.35012425,"avg":66.07449994089893,"min":0.900706,"med":43.365038,"max":839.395492,"p(90)":150.200758}},"http_req_connecting":{"contains":"time","values":{"max":2.651918,"p(90)":0,"p(95)":0,"avg":0.00006231429887428485,"min":0,"med":0},"type":"trend"},"response_time_":{"contains":"default","values":{"max":562.990034,"p(90)":96.13194,"p(95)":163.77804375,"avg":48.68626968625868,"min":0.900706,"med":28.9148535},"type":"trend"},"response_time_api_v1_products_1":{"type":"trend","contains":"default","values":{"avg":58.80621948058853,"min":1.288759,"med":43.988907499999996,"max":768.112937,"p(90)":108.967428,"p(95)":187.19450625000002}},"http_req_sending":{"type":"trend","contains":"time","values":{"p(95)":0.0336,"avg":0.013625163662857332,"min":-1.254548,"med":0.0073,"max":17.287353,"p(90)":0.019701}},"http_req_failed":{"type":"rate","contains":"default","values":{"passes":0,"fails":453756,"rate":0}},"http_req_blocked":{"values":{"max":16.027041,"p(90)":0.005801,"p(95)":0.0107,"avg":0.003944305776675159,"min":0.0011,"med":0.0026},"type":"trend","contains":"time"},"http_req_duration":{"type":"trend","contains":"time","values":{"avg":66.07449994089893,"min":0.900706,"med":43.365038,"max":839.395492,"p(90)":150.200758,"p(95)":210.35012425}},"data_received":{"type":"counter","contains":"data","values":{"count":5877652720,"rate":39084953.70402642}},"http_reqs":{"type":"counter","contains":"default","values":{"count":453756,"rate":3017.3664722614326}},"http_req_tls_handshaking":{"type":"trend","contains":"time","values":{"med":0,"max":0,"p(90)":0,"p(95)":0,"avg":0,"min":0}},"data_sent":{"type":"counter","contains":"data","values":{"count":41064918,"rate":273071.6657396596}},"http_req_receiving":{"type":"trend","contains":"time","values":{"med":0.0322,"max":423.463235,"p(90)":2.3399210000000004,"p(95)":5.767526999999999,"avg":1.503417093550269,"min":-1.065347}},"response_time_api_v1_products_1_ratings":{"type":"trend","contains":"default","values":{"max":824.611842,"p(90)":118.77834150000001,"p(95)":189.58390574999999,"avg":62.10679302782163,"min":1.782712,"med":51.173567500000004}},"iterations":{"type":"counter","contains":"default","values":{"rate":502.8944120435721,"count":75626}},"vus":{"contains":"default","values":{"min":200,"max":200,"value":200},"type":"gauge"},"checks":{"type":"rate","contains":"default","values":{"fails":0,"rate":1,"passes":453756}},"response_time_api_v1_products_1_reviews":{"contains":"default","values":{"avg":66.29724623674318,"min":1.90684,"med":33.525702499999994,"max":670.027014,"p(90)":173.80271199999999,"p(95)":251.93326274999998},"type":"trend"},"response_time_api_v1_products":{"type":"trend","contains":"default","values":{"min":1.404609,"med":42.684771999999995,"max":528.938398,"p(90)":95.5299205,"p(95)":169.78099875,"avg":55.22917734038538}},"vus_max":{"type":"gauge","contains":"default","values":{"value":200,"min":200,"max":200}}},"root_group":{"name":"","path":"","id":"d41d8cd98f00b204e9800998ecf8427e","groups":[],"checks":[{"path":"::status was 200","id":"1461660757a913d4fb82ac4c5e1009de","passes":453756,"fails":0,"name":"status was 200"}]},"options":{"summaryTrendStats":["avg","min","med","max","p(90)","p(95)"],"summaryTimeUnit":"","noColor":false}}