{"state":{"isStdOutTTY":true,"isStdErrTTY":true,"testRunDurationMs":150295.132478},"metrics":{"data_sent":{"type":"counter","contains":"data","values":{"count":37125996,"rate":247020.61462592246}},"http_req_blocked":{"type":"trend","contains":"time","values":{"p(90)":0.0081,"p(95)":0.012195,"avg":0.004603979623727258,"min":0.001099,"med":0.0027,"max":12.381254}},"response_time_api_v1_products_1_reviews":{"contains":"default","values":{"max":692.465528,"p(90)":171.7154322,"p(95)":211.60634239999993,"avg":60.76633179405294,"min":1.580228,"med":26.286088},"type":"trend"},"http_req_receiving":{"type":"trend","contains":"time","values":{"max":592.861479,"p(90)":1.810401,"p(95)":4.393598199999999,"avg":1.3528770985514593,"min":0.0085,"med":0.0334}},"response_time_api_v1_products_1":{"type":"trend","contains":"default","values":{"max":586.913542,"p(90)":99.9220809,"p(95)":170.73998175,"avg":50.097125881633254,"min":1.340524,"med":27.72766}},"http_req_duration":{"type":"trend","contains":"time","values":{"avg":54.80092277247938,"min":0.927143,"med":25.2844275,"max":864.968013,"p(90)":115.12363520000005,"p(95)":192.90573514999997}},"iterations":{"values":{"count":68372,"rate":454.9182589795994},"type":"counter","contains":"default"},"http_reqs":{"type":"counter","contains":"default","values":{"count":410232,"rate":2729.5095538775963}},"http_req_duration{expected_response:true}":{"type":"trend","contains":"time","values":{"med":25.2844275,"max":864.968013,"p(90)":115.12363520000005,"p(95)":192.90573514999997,"avg":54.80092277247938,"min":0.927143}},"vus_max":{"contains":"default","values":{"value":150,"min":150,"max":150},"type":"gauge"},"http_req_failed":{"type":"rate","contains":"default","values":{"rate":0,"passes":0,"fails":410232}},"http_req_sending":{"type":"trend","contains":"time","values":{"max":23.504584,"p(90)":0.0268,"p(95)":0.035501,"avg":0.015370218456880351,"min":0.0031,"med":0.0075}},"checks":{"contains":"default","values":{"rate":1,"passes":410232,"fails":0},"type":"rate"},"response_time_api_v1_products_1_ratings":{"type":"trend","contains":"default","values":{"max":514.286378,"p(90)":100.92964060000001,"p(95)":173.05616079999996,"avg":45.51150679893833,"min":0.986103,"med":20.447294}},"vus":{"type":"gauge","contains":"default","values":{"value":150,"min":150,"max":150}},"http_req_tls_handshaking":{"type":"trend","contains":"time","values":{"med":0,"max":0,"p(90)":0,"p(95)":0,"avg":0,"min":0}},"response_time_api_v1_products":{"values":{"avg":42.541027060082875,"min":1.373823,"med":22.2842295,"max":582.210573,"p(90)":89.53023940000001,"p(95)":120.08130959999998},"type":"trend","contains":"default"},"data_received":{"type":"counter","contains":"data","values":{"rate":35356247.08789446,"count":5313871840}},"response_time_":{"type":"trend","contains":"default","values":{"avg":40.18248975333482,"min":0.927143,"med":20.0203855,"max":591.114678,"p(90)":86.29968700000002,"p(95)":108.27534165}},"http_req_waiting":{"type":"trend","contains":"time","values":{"avg":53.43267545546978,"min":0.882995,"med":24.618868,"max":784.899873,"p(90)":112.40179910000003,"p(95)":189.14447035}},"response_time_productpage":{"contains":"default","values":{"med":57.768133500000005,"max":864.968013,"p(90)":252.5629488000001,"p(95)":309.7739694999999,"avg":89.70705534683792,"min":3.552201},"type":"trend"},"iteration_duration":{"type":"trend","contains":"time","values":{"p(95)":696.5166381999999,"avg":329.5128233325481,"min":82.684851,"med":250.0048685,"max":1319.049472,"p(90)":596.3969482000001}},"http_req_connecting":{"type":"trend","contains":"time","values":{"min":0,"med":0,"max":2.983782,"p(90)":0,"p(95)":0,"avg":0.00032108935187893695}}},"root_group":{"name":"","path":"","id":"d41d8cd98f00b204e9800998ecf8427e","groups":[],"checks":[{"path":"::status was 200","id":"1461660757a913d4fb82ac4c5e1009de","passes":410232,"fails":0,"name":"status was 200"}]},"options":{"summaryTrendStats":["avg","min","med","max","p(90)","p(95)"],"summaryTimeUnit":"","noColor":false}}