{"root_group":{"id":"d41d8cd98f00b204e9800998ecf8427e","groups":[],"checks":[{"name":"status was 200","path":"::status was 200","id":"1461660757a913d4fb82ac4c5e1009de","passes":330048,"fails":0}],"name":"","path":""},"options":{"summaryTrendStats":["avg","min","med","max","p(90)","p(95)"],"summaryTimeUnit":"","noColor":false},"state":{"isStdOutTTY":true,"isStdErrTTY":true,"testRunDurationMs":150100.837693},"metrics":{"http_req_tls_handshaking":{"contains":"time","values":{"avg":0,"min":0,"med":0,"max":0,"p(90)":0,"p(95)":0},"type":"trend"},"response_time_productpage":{"values":{"p(95)":220.9471614499999,"avg":69.45359907767927,"min":2.510426,"med":26.479821,"max":658.550634,"p(90)":191.9809248},"type":"trend","contains":"default"},"http_req_sending":{"type":"trend","contains":"time","values":{"avg":0.020335530289540476,"min":0.0032,"med":0.0078,"max":19.562621,"p(90)":0.0334,"p(95)":0.038702}},"response_time_api_v1_products_1_reviews":{"type":"trend","contains":"default","values":{"avg":49.658350278723354,"min":1.438045,"med":17.8945175,"max":477.562899,"p(90)":116.05062180000004,"p(95)":173.90050124999976}},"response_time_":{"type":"trend","contains":"default","values":{"avg":32.58279661958255,"min":0.709807,"med":11.775960999999999,"max":504.276339,"p(90)":89.288304,"p(95)":103.55042085}},"http_reqs":{"type":"counter","contains":"default","values":{"count":330048,"rate":2198.841825753461}},"response_time_api_v1_products_1_ratings":{"type":"trend","contains":"default","values":{"med":14.909161000000001,"max":395.900573,"p(90)":101.87642420000002,"p(95)":121.69719634999984,"avg":42.074455505035694,"min":1.138075}},"http_req_duration{expected_response:true}":{"type":"trend","contains":"time","values":{"avg":45.32009832389567,"min":0.709807,"med":16.256908,"max":658.550634,"p(90)":105.95410529999997,"p(95)":165.63585584999984}},"http_req_receiving":{"type":"trend","contains":"time","values":{"p(90)":1.5516074999999998,"p(95)":3.9780942499999914,"avg":1.273350345446688,"min":0.0091,"med":0.0405,"max":374.408874}},"checks":{"contains":"default","values":{"rate":1,"passes":330048,"fails":0},"type":"rate"},"vus":{"type":"gauge","contains":"default","values":{"value":100,"min":100,"max":100}},"http_req_blocked":{"type":"trend","contains":"time","values":{"avg":0.005536293739093985,"min":0,"med":0.0029,"max":11.0861,"p(90)":0.0121,"p(95)":0.013801}},"iterations":{"type":"counter","contains":"default","values":{"rate":366.4736376255768,"count":55008}},"http_req_duration":{"type":"trend","contains":"time","values":{"avg":45.32009832389567,"min":0.709807,"med":16.256908,"max":658.550634,"p(90)":105.95410529999997,"p(95)":165.63585584999984}},"iteration_duration":{"type":"trend","contains":"time","values":{"max":1079.431578,"p(90)":571.1929791,"p(95)":663.24697255,"avg":272.82508028083083,"min":33.972904,"med":200.2650865}},"data_received":{"contains":"data","values":{"count":4275221760,"rate":28482331.116259832},"type":"counter"},"response_time_api_v1_products_1":{"type":"trend","contains":"default","values":{"med":14.084202000000001,"max":513.937251,"p(90)":97.9496165,"p(95)":113.95673429999997,"avg":39.627711115455924,"min":0.868357}},"http_req_waiting":{"type":"trend","contains":"time","values":{"min":0.670507,"med":15.6389385,"max":513.78195,"p(90)":104.19501259999998,"p(95)":158.87387394999982,"avg":44.0264124481575}},"http_req_failed":{"type":"rate","contains":"default","values":{"rate":0,"passes":0,"fails":330048}},"vus_max":{"contains":"default","values":{"value":100,"min":100,"max":100},"type":"gauge"},"response_time_api_v1_products":{"values":{"med":14.779567,"max":374.944416,"p(90)":93.48594250000001,"p(95)":108.68669849999998,"avg":38.5236773468951,"min":1.057794},"type":"trend","contains":"default"},"http_req_connecting":{"contains":"time","values":{"max":3.12783,"p(90)":0,"p(95)":0,"avg":0.00003241892088423501,"min":0,"med":0},"type":"trend"},"data_sent":{"contains":"data","values":{"count":29869344,"rate":198995.18523068822},"type":"counter"}}}