{"state":{"isStdOutTTY":true,"isStdErrTTY":true,"testRunDurationMs":150162.529417},"metrics":{"http_req_blocked":{"type":"trend","contains":"time","values":{"med":0.0026,"max":14.105072,"p(90)":0.0054,"p(95)":0.01,"avg":0.0039230493364017256,"min":0.0011}},"http_req_failed":{"type":"rate","contains":"default","values":{"rate":0,"passes":0,"fails":495780}},"response_time_api_v1_products_1":{"values":{"min":1.192119,"med":40.43807150000001,"max":551.567049,"p(90)":110.80240210000012,"p(95)":180.84701685,"avg":56.58107392290934},"type":"trend","contains":"default"},"data_sent":{"type":"counter","contains":"data","values":{"rate":298796.84482006636,"count":44868090}},"http_req_waiting":{"contains":"time","values":{"avg":59.03963087963631,"min":0.938217,"med":36.214613,"max":700.930446,"p(90)":115.37128450000016,"p(95)":191.8886691},"type":"trend"},"response_time_api_v1_products_1_ratings":{"type":"trend","contains":"default","values":{"max":600.633993,"p(90)":107.4804166000001,"p(95)":180.10006950000007,"avg":57.1243325826093,"min":1.46882,"med":41.577172000000004}},"vus_max":{"type":"gauge","contains":"default","values":{"value":200,"min":200,"max":200}},"http_reqs":{"type":"counter","contains":"default","values":{"count":495780,"rate":3301.6225946968657}},"vus":{"type":"gauge","contains":"default","values":{"value":200,"min":200,"max":200}},"http_req_sending":{"type":"trend","contains":"time","values":{"avg":0.012789964435846613,"min":0.0031,"med":0.0072,"max":19.235018,"p(90)":0.0179,"p(95)":0.03230004999999999}},"http_req_receiving":{"contains":"time","values":{"avg":1.3805679213521327,"min":0.0087,"med":0.0311,"max":412.548576,"p(90)":2.131460100000007,"p(95)":5.109478899999996},"type":"trend"},"response_time_":{"type":"trend","contains":"default","values":{"max":555.464193,"p(90)":91.62894210000003,"p(95)":131.7401718000003,"avg":46.4995787732906,"min":0.967918,"med":28.816146}},"response_time_productpage":{"type":"trend","contains":"default","values":{"min":3.970323,"med":55.317876,"max":752.096841,"p(90)":238.2147041000001,"p(95)":311.14369175000024,"avg":91.20388644534687}},"iterations":{"type":"counter","contains":"default","values":{"count":82630,"rate":550.2704324494777}},"http_req_tls_handshaking":{"type":"trend","contains":"time","values":{"med":0,"max":0,"p(90)":0,"p(95)":0,"avg":0,"min":0}},"checks":{"type":"rate","contains":"default","values":{"rate":1,"passes":495780,"fails":0}},"data_received":{"values":{"count":6422003600,"rate":42767018.0099734},"type":"counter","contains":"data"},"http_req_duration{expected_response:true}":{"contains":"time","values":{"med":37.284645,"max":752.096841,"p(90)":118.75448990000008,"p(95)":194.96638585,"avg":60.4329887654237,"min":0.967918},"type":"trend"},"response_time_api_v1_products_1_reviews":{"type":"trend","contains":"default","values":{"avg":58.61584106051006,"min":2.579035,"med":30.714118499999998,"max":608.881197,"p(90)":152.5889000000001,"p(95)":202.49282965}},"http_req_duration":{"type":"trend","contains":"time","values":{"avg":60.4329887654237,"min":0.967918,"med":37.284645,"max":752.096841,"p(90)":118.75448990000008,"p(95)":194.96638585}},"iteration_duration":{"type":"trend","contains":"time","values":{"med":295.7807865,"max":1475.668204,"p(90)":610.3851628000001,"p(95)":740.12936705,"avg":363.2263785027364,"min":101.489503}},"response_time_api_v1_products":{"type":"trend","contains":"default","values":{"min":1.481528,"med":37.274953499999995,"max":545.041775,"p(90)":92.57407540000003,"p(95)":163.17563695,"avg":52.573219807878395}},"http_req_connecting":{"type":"trend","contains":"time","values":{"avg":0.00008020121223123165,"min":0,"med":0,"max":0.801403,"p(90)":0,"p(95)":0}}},"root_group":{"checks":[{"id":"1461660757a913d4fb82ac4c5e1009de","passes":495780,"fails":0,"name":"status was 200","path":"::status was 200"}],"name":"","path":"","id":"d41d8cd98f00b204e9800998ecf8427e","groups":[]},"options":{"summaryTrendStats":["avg","min","med","max","p(90)","p(95)"],"summaryTimeUnit":"","noColor":false}}