{"root_group":{"id":"d41d8cd98f00b204e9800998ecf8427e","groups":[],"checks":[{"id":"1461660757a913d4fb82ac4c5e1009de","passes":415938,"fails":0,"name":"status was 200","path":"::status was 200"}],"name":"","path":""},"options":{"summaryTrendStats":["avg","min","med","max","p(90)","p(95)"],"summaryTimeUnit":"","noColor":false},"state":{"isStdOutTTY":true,"isStdErrTTY":true,"testRunDurationMs":150259.28747},"metrics":{"data_sent":{"type":"counter","contains":"data","values":{"count":37642389,"rate":250516.22188422453}},"http_req_duration{expected_response:true}":{"type":"trend","contains":"time","values":{"med":25.0334345,"max":707.035521,"p(90)":115.76532549999999,"p(95)":192.42230515,"avg":54.03663782605747,"min":0.910123}},"response_time_productpage":{"type":"trend","contains":"default","values":{"avg":87.65198757296913,"min":3.887974,"med":56.120855,"max":707.035521,"p(90)":240.37708600000005,"p(95)":304.06538129999984}},"http_req_duration":{"type":"trend","contains":"time","values":{"avg":54.03663782605747,"min":0.910123,"med":25.0334345,"max":707.035521,"p(90)":115.76532549999999,"p(95)":192.42230515}},"http_req_sending":{"type":"trend","contains":"time","values":{"avg":0.016101951656263956,"min":0.003101,"med":0.0074,"max":22.611565,"p(90)":0.026501,"p(95)":0.035401}},"http_req_receiving":{"type":"trend","contains":"time","values":{"max":303.231483,"p(90)":1.7991438999999998,"p(95)":4.509920349999992,"avg":1.3828260576576168,"min":0.0086,"med":0.033601}},"http_req_connecting":{"contains":"time","values":{"avg":0.00005902610485216547,"min":0,"med":0,"max":1.307421,"p(90)":0,"p(95)":0},"type":"trend"},"response_time_":{"type":"trend","contains":"default","values":{"med":20.112179,"max":408.570401,"p(90)":87.90718600000001,"p(95)":110.94792729999999,"avg":40.38182421720084,"min":0.910123}},"http_req_waiting":{"contains":"time","values":{"p(95)":188.59252849999993,"avg":52.63770981674454,"min":0.863922,"med":24.351729,"max":612.466683,"p(90)":113.2465354},"type":"trend"},"response_time_api_v1_products_1_reviews":{"values":{"max":607.69236,"p(90)":165.56105900000006,"p(95)":200.8226858,"avg":59.38248745101858,"min":1.54674,"med":28.557548},"type":"trend","contains":"default"},"http_reqs":{"contains":"default","values":{"rate":2768.13504844447,"count":415938},"type":"counter"},"http_req_blocked":{"type":"trend","contains":"time","values":{"avg":0.004708133079932525,"min":0.0011,"med":0.0027,"max":20.633319,"p(90)":0.0082,"p(95)":0.012301}},"http_req_failed":{"type":"rate","contains":"default","values":{"fails":415938,"rate":0,"passes":0}},"iteration_duration":{"values":{"max":1369.635237,"p(90)":596.6792676,"p(95)":694.3927841999998,"avg":324.9457205443034,"min":68.180491,"med":227.633792},"type":"trend","contains":"time"},"response_time_api_v1_products":{"type":"trend","contains":"default","values":{"max":480.926192,"p(90)":91.24109380000002,"p(95)":124.61140229999991,"avg":42.3200909442901,"min":1.532129,"med":21.917148}},"iterations":{"type":"counter","contains":"default","values":{"count":69323,"rate":461.3558414074117}},"vus":{"type":"gauge","contains":"default","values":{"max":150,"value":150,"min":150}},"vus_max":{"values":{"value":150,"min":150,"max":150},"type":"gauge","contains":"default"},"response_time_api_v1_products_1_ratings":{"values":{"p(95)":182.13974579999996,"avg":47.088131201924114,"min":1.234432,"med":21.108692,"max":435.955887,"p(90)":106.7009718},"type":"trend","contains":"default"},"http_req_tls_handshaking":{"contains":"time","values":{"avg":0,"min":0,"med":0,"max":0,"p(90)":0,"p(95)":0},"type":"trend"},"checks":{"contains":"default","values":{"rate":1,"passes":415938,"fails":0},"type":"rate"},"response_time_api_v1_products_1":{"contains":"default","values":{"avg":47.39530556894481,"min":1.107726,"med":23.365046,"max":413.413507,"p(90)":99.0134522,"p(95)":162.79965479999996},"type":"trend"},"data_received":{"type":"counter","contains":"data","values":{"count":5387783560,"rate":35856575.99418403}}}}