{"state":{"isStdOutTTY":true,"isStdErrTTY":true,"testRunDurationMs":150056.492446},"metrics":{"response_time_api_v1_products_1_reviews":{"values":{"p(95)":93.6211224,"avg":24.1464366731682,"min":0.871556,"med":7.5761555000000005,"max":314.929117,"p(90)":79.39254460000001},"type":"trend","contains":"default"},"http_req_sending":{"type":"trend","contains":"time","values":{"avg":0.018134778840849367,"min":0.0032,"med":0.0077,"max":14.053192,"p(90)":0.032596,"p(95)":0.037601}},"data_received":{"type":"counter","contains":"data","values":{"count":4410920880,"rate":29395068.537853062}},"http_req_duration":{"type":"trend","contains":"time","values":{"avg":21.88325583052315,"min":0.662902,"med":6.7760845,"max":393.048853,"p(90)":72.952103,"p(95)":88.93743459999997}},"response_time_api_v1_products_1_ratings":{"type":"trend","contains":"default","values":{"avg":18.39976950523321,"min":0.760262,"med":5.4657225,"max":205.457055,"p(90)":68.21894210000004,"p(95)":83.68092434999997}},"response_time_api_v1_products_1":{"type":"trend","contains":"default","values":{"avg":18.745692708866365,"min":0.662902,"med":5.7108015000000005,"max":387.696529,"p(90)":65.4156416,"p(95)":81.77756489999997}},"http_req_tls_handshaking":{"type":"trend","contains":"time","values":{"avg":0,"min":0,"med":0,"max":0,"p(90)":0,"p(95)":0}},"http_req_connecting":{"contains":"time","values":{"max":2.659865,"p(90)":0,"p(95)":0,"avg":0.00006516116044684076,"min":0,"med":0},"type":"trend"},"response_time_api_v1_products":{"values":{"min":0.944498,"med":6.0245875,"max":203.521526,"p(90)":70.38586930000001,"p(95)":82.57789785,"avg":20.23681843196966},"type":"trend","contains":"default"},"response_time_":{"contains":"default","values":{"p(95)":74.25514374999999,"avg":14.871860752264086,"min":0.68991,"med":4.5843655000000005,"max":192.100758,"p(90)":58.939656800000044},"type":"trend"},"iteration_duration":{"type":"trend","contains":"time","values":{"min":15.993846,"med":89.8976845,"max":799.105064,"p(90)":305.46066970000015,"p(95)":392.83739535,"avg":132.13889822407182}},"http_reqs":{"type":"counter","contains":"default","values":{"count":340524,"rate":2269.30534260317}},"http_req_duration{expected_response:true}":{"type":"trend","contains":"time","values":{"p(95)":88.93743459999997,"avg":21.88325583052315,"min":0.662902,"med":6.7760845,"max":393.048853,"p(90)":72.952103}},"http_req_failed":{"type":"rate","contains":"default","values":{"rate":0,"passes":0,"fails":340524}},"http_req_waiting":{"contains":"time","values":{"min":0.631102,"med":6.4505925,"max":387.365428,"p(90)":71.58942860000002,"p(95)":87.26965584999996,"avg":21.074763860447533},"type":"trend"},"response_time_productpage":{"type":"trend","contains":"default","values":{"avg":34.89895691163601,"min":2.22701,"med":11.93726,"max":393.048853,"p(90)":97.23537780000001,"p(95)":115.00456244999994}},"http_req_blocked":{"type":"trend","contains":"time","values":{"med":0.002801,"max":6.209781,"p(90)":0.0117,"p(95)":0.0136,"avg":0.005097931220708706,"min":0.0011}},"http_req_receiving":{"type":"trend","contains":"time","values":{"max":186.793433,"p(90)":1.1302661000000005,"p(95)":2.4165102999999966,"avg":0.7903571912347072,"min":-1.977484,"med":0.0352}},"vus":{"type":"gauge","contains":"default","values":{"max":50,"value":50,"min":50}},"data_sent":{"contains":"data","values":{"count":30817422,"rate":205372.13350558688},"type":"counter"},"iterations":{"type":"counter","contains":"default","values":{"count":56754,"rate":378.2175571005283}},"vus_max":{"type":"gauge","contains":"default","values":{"value":50,"min":50,"max":50}},"checks":{"type":"rate","contains":"default","values":{"fails":0,"rate":1,"passes":340524}}},"root_group":{"groups":[],"checks":[{"name":"status was 200","path":"::status was 200","id":"1461660757a913d4fb82ac4c5e1009de","passes":340524,"fails":0}],"name":"","path":"","id":"d41d8cd98f00b204e9800998ecf8427e"},"options":{"summaryTrendStats":["avg","min","med","max","p(90)","p(95)"],"summaryTimeUnit":"","noColor":false}}