{"state":{"isStdOutTTY":true,"isStdErrTTY":true,"testRunDurationMs":150087.168106},"metrics":{"http_req_failed":{"type":"rate","contains":"default","values":{"rate":0,"passes":0,"fails":408798}},"data_received":{"contains":"data","values":{"count":5295296760,"rate":35281475.60396478},"type":"counter"},"iteration_duration":{"type":"trend","contains":"time","values":{"p(90)":600.2556814000001,"p(95)":698.0150431999999,"avg":330.27089026597855,"min":49.449586,"med":251.758528,"max":1283.233345}},"data_sent":{"type":"counter","contains":"data","values":{"rate":246498.2147832331,"count":36996219}},"iterations":{"type":"counter","contains":"default","values":{"count":68133,"rate":453.9561966542046}},"http_req_duration":{"type":"trend","contains":"time","values":{"med":26.233848000000002,"max":687.851832,"p(90)":120.0637149,"p(95)":194.00324215,"avg":54.92530224403246,"min":0.894002}},"response_time_":{"values":{"avg":40.072982884564034,"min":0.954512,"med":20.019027,"max":417.590657,"p(90)":87.91088660000001,"p(95)":112.3359328},"type":"trend","contains":"default"},"http_req_connecting":{"type":"trend","contains":"time","values":{"p(95)":0,"avg":0.00003065365045817248,"min":0,"med":0,"max":0.716804,"p(90)":0}},"http_req_sending":{"type":"trend","contains":"time","values":{"p(95)":0.0359,"avg":0.016338050531075624,"min":0.003,"med":0.0075,"max":18.030635,"p(90)":0.0274}},"vus":{"values":{"value":150,"min":150,"max":150},"type":"gauge","contains":"default"},"http_req_duration{expected_response:true}":{"type":"trend","contains":"time","values":{"max":687.851832,"p(90)":120.0637149,"p(95)":194.00324215,"avg":54.92530224403246,"min":0.894002,"med":26.233848000000002}},"response_time_productpage":{"type":"trend","contains":"default","values":{"avg":93.5989013671785,"min":3.608508,"med":59.656597,"max":687.851832,"p(90)":259.7943214,"p(95)":314.3272567999995}},"checks":{"values":{"rate":1,"passes":408798,"fails":0},"type":"rate","contains":"default"},"http_req_waiting":{"contains":"time","values":{"med":25.471525,"max":677.775411,"p(90)":116.63792419999999,"p(95)":190.09695779999973,"avg":53.45124931204221,"min":0.872202},"type":"trend"},"response_time_api_v1_products_1":{"type":"trend","contains":"default","values":{"p(90)":101.14726920000003,"p(95)":166.00225219999996,"avg":49.30710279246476,"min":1.110913,"med":28.397281,"max":506.206975}},"http_reqs":{"type":"counter","contains":"default","values":{"count":408798,"rate":2723.7371799252273}},"http_req_tls_handshaking":{"values":{"min":0,"med":0,"max":0,"p(90)":0,"p(95)":0,"avg":0},"type":"trend","contains":"time"},"response_time_api_v1_products_1_ratings":{"values":{"avg":42.94377493431961,"min":0.894002,"med":19.798626,"max":470.329327,"p(90)":99.29448920000002,"p(95)":169.269407},"type":"trend","contains":"default"},"vus_max":{"type":"gauge","contains":"default","values":{"value":150,"min":150,"max":150}},"http_req_blocked":{"type":"trend","contains":"time","values":{"avg":0.004734878903519135,"min":0.001,"med":0.0027,"max":11.586548,"p(90)":0.0084,"p(95)":0.0124}},"http_req_receiving":{"type":"trend","contains":"time","values":{"min":-0.278527,"med":0.0337,"max":380.998808,"p(90)":1.9685127999999998,"p(95)":4.849975699999995,"avg":1.4577148814596865}},"response_time_api_v1_products":{"type":"trend","contains":"default","values":{"p(95)":127.50933839999979,"avg":43.39621845321641,"min":1.423316,"med":23.294338,"max":505.702275,"p(90)":92.2001476}},"response_time_api_v1_products_1_reviews":{"type":"trend","contains":"default","values":{"med":27.321406,"max":606.61336,"p(90)":171.0936968,"p(95)":208.1211175999999,"avg":60.23283303245144,"min":1.6651}}},"root_group":{"groups":[],"checks":[{"name":"status was 200","path":"::status was 200","id":"1461660757a913d4fb82ac4c5e1009de","passes":408798,"fails":0}],"name":"","path":"","id":"d41d8cd98f00b204e9800998ecf8427e"},"options":{"summaryTrendStats":["avg","min","med","max","p(90)","p(95)"],"summaryTimeUnit":"","noColor":false}}