{"state":{"isStdOutTTY":true,"isStdErrTTY":true,"testRunDurationMs":150332.729514},"metrics":{"vus":{"contains":"default","values":{"value":150,"min":150,"max":150},"type":"gauge"},"http_req_failed":{"type":"rate","contains":"default","values":{"fails":366450,"rate":0,"passes":0}},"response_time_api_v1_products":{"type":"trend","contains":"default","values":{"avg":46.47262683649667,"min":1.361793,"med":24.117175,"max":411.445468,"p(90)":97.83411419999999,"p(95)":155.69052729999993}},"data_received":{"type":"counter","contains":"data","values":{"count":4746749000,"rate":31574953.872955196}},"vus_max":{"type":"gauge","contains":"default","values":{"max":150,"value":150,"min":150}},"http_req_receiving":{"type":"trend","contains":"time","values":{"avg":1.5493597679110542,"min":0.008899,"med":0.0373,"max":325.485772,"p(90)":2.107222700000009,"p(95)":5.165047449999997}},"response_time_api_v1_products_1":{"type":"trend","contains":"default","values":{"max":487.562598,"p(90)":114.62291319999999,"p(95)":172.94044009999996,"avg":54.422439782824725,"min":1.167324,"med":40.299096}},"response_time_":{"type":"trend","contains":"default","values":{"avg":43.28869472813795,"min":0.813904,"med":22.210336,"max":432.056294,"p(90)":94.0220148,"p(95)":116.87980879999998}},"http_req_connecting":{"type":"trend","contains":"time","values":{"max":1.51481,"p(90)":0,"p(95)":0,"avg":0.00007379554373038614,"min":0,"med":0}},"iterations":{"type":"counter","contains":"default","values":{"count":61075,"rate":406.26548987332984}},"response_time_api_v1_products_1_ratings":{"values":{"p(90)":112.97718899999995,"p(95)":178.07912299999995,"avg":49.788804546181005,"min":1.161594,"med":22.372223,"max":520.697},"type":"trend","contains":"default"},"http_req_blocked":{"type":"trend","contains":"time","values":{"avg":0.0049953498376331135,"min":0.001,"med":0.0028,"max":11.562301,"p(90)":0.0108,"p(95)":0.0132}},"http_req_waiting":{"type":"trend","contains":"time","values":{"med":28.888934,"max":624.920776,"p(90)":159.4723443000001,"p(95)":200.93412585,"avg":59.79561105736321,"min":0.792004}},"data_sent":{"contains":"data","values":{"count":33163725,"rate":220602.1610012181},"type":"counter"},"http_req_duration{expected_response:true}":{"type":"trend","contains":"time","values":{"p(95)":205.5945904999999,"avg":61.36366353744605,"min":0.813904,"med":29.982421000000002,"max":687.007927,"p(90)":162.50977620000006}},"http_req_sending":{"values":{"p(90)":0.0316,"p(95)":0.0375,"avg":0.01869271217083342,"min":0.003299,"med":0.0076,"max":18.385469},"type":"trend","contains":"time"},"http_reqs":{"type":"counter","contains":"default","values":{"count":366450,"rate":2437.592939239979}},"response_time_productpage":{"type":"trend","contains":"default","values":{"max":687.007927,"p(90)":280.7388706,"p(95)":342.9125758999997,"avg":102.95255953951698,"min":5.244236,"med":63.762058}},"response_time_api_v1_products_1_reviews":{"type":"trend","contains":"default","values":{"min":1.713247,"med":32.651162,"max":601.666759,"p(90)":192.56279479999998,"p(95)":242.18122299999996,"avg":71.25685579151812}},"checks":{"type":"rate","contains":"default","values":{"fails":0,"rate":1,"passes":366450}},"http_req_tls_handshaking":{"type":"trend","contains":"time","values":{"avg":0,"min":0,"med":0,"max":0,"p(90)":0,"p(95)":0}},"http_req_duration":{"type":"trend","contains":"time","values":{"med":29.982421000000002,"max":687.007927,"p(90)":162.50977620000006,"p(95)":205.5945904999999,"avg":61.36366353744605,"min":0.813904}},"iteration_duration":{"type":"trend","contains":"time","values":{"med":306.334797,"max":1530.870589,"p(90)":670.771917,"p(95)":772.7865660999998,"avg":368.9724953738211,"min":82.380186}}},"root_group":{"path":"","id":"d41d8cd98f00b204e9800998ecf8427e","groups":[],"checks":[{"passes":366450,"fails":0,"name":"status was 200","path":"::status was 200","id":"1461660757a913d4fb82ac4c5e1009de"}],"name":""},"options":{"summaryTrendStats":["avg","min","med","max","p(90)","p(95)"],"summaryTimeUnit":"","noColor":false}}