{"state":{"isStdErrTTY":true,"testRunDurationMs":150171.592319,"isStdOutTTY":true},"metrics":{"http_req_waiting":{"type":"trend","contains":"time","values":{"avg":19.4223071434062,"min":0.645807,"med":6.277016,"max":311.527302,"p(90)":65.541437,"p(95)":83.13268249999999}},"data_received":{"type":"counter","contains":"data","values":{"count":4800842120,"rate":31969043.184957877}},"http_req_duration":{"values":{"min":0.679407,"med":6.568726,"max":376.125735,"p(90)":66.643316,"p(95)":84.55032825,"avg":20.111032923310376},"type":"trend","contains":"time"},"checks":{"type":"rate","contains":"default","values":{"rate":1,"passes":370626,"fails":0}},"http_req_failed":{"type":"rate","contains":"default","values":{"rate":0,"passes":0,"fails":370626}},"http_req_connecting":{"contains":"time","values":{"avg":0.000015187488195647367,"min":0,"med":0,"max":0.893513,"p(90)":0,"p(95)":0},"type":"trend"},"http_req_receiving":{"type":"trend","contains":"time","values":{"avg":0.671914681611668,"min":0.0088,"med":0.0336,"max":187.46755,"p(90)":1.09311,"p(95)":2.1547045}},"response_time_api_v1_products_1":{"type":"trend","contains":"default","values":{"med":5.504861,"max":219.354369,"p(90)":60.41714,"p(95)":77.50431449999999,"avg":17.11799296276579,"min":0.679407}},"response_time_api_v1_products_1_reviews":{"type":"trend","contains":"default","values":{"p(90)":71.846432,"p(95)":89.87853100000001,"avg":22.496742896262223,"min":1.170316,"med":7.473191,"max":299.298325}},"vus":{"contains":"default","values":{"value":50,"min":50,"max":50},"type":"gauge"},"response_time_api_v1_products":{"values":{"med":5.693968,"max":205.898975,"p(90)":64.819317,"p(95)":78.72536600000001,"avg":18.063948177607628,"min":1.018813},"type":"trend","contains":"default"},"http_reqs":{"type":"counter","contains":"default","values":{"rate":2468.0167152566555,"count":370626}},"vus_max":{"type":"gauge","contains":"default","values":{"value":50,"min":50,"max":50}},"response_time_productpage":{"type":"trend","contains":"default","values":{"avg":31.946644165579176,"min":2.019713,"med":11.538003,"max":376.125735,"p(90)":90.04388,"p(95)":109.488047}},"iteration_duration":{"type":"trend","contains":"time","values":{"p(95)":383.449364,"avg":121.43839591763162,"min":16.167791,"med":88.917295,"max":703.690617,"p(90)":286.659845}},"http_req_blocked":{"type":"trend","contains":"time","values":{"avg":0.004727549160072186,"min":0.0011,"med":0.0028,"max":12.538276,"p(90)":0.01,"p(95)":0.013}},"http_req_tls_handshaking":{"type":"trend","contains":"time","values":{"min":0,"med":0,"max":0,"p(90)":0,"p(95)":0,"avg":0}},"data_sent":{"type":"counter","contains":"data","values":{"count":33541653,"rate":223355.51273072732}},"http_req_duration{expected_response:true}":{"type":"trend","contains":"time","values":{"min":0.679407,"med":6.568726,"max":376.125735,"p(90)":66.643316,"p(95)":84.55032825,"avg":20.111032923310376}},"iterations":{"type":"counter","contains":"default","values":{"count":61771,"rate":411.3361192094426}},"response_time_":{"type":"trend","contains":"default","values":{"avg":13.290455128976454,"min":0.69511,"med":4.429356,"max":207.237594,"p(90)":54.601751,"p(95)":69.3810465}},"http_req_sending":{"type":"trend","contains":"time","values":{"min":0.0034,"med":0.0076,"max":16.920841,"p(90)":0.03,"p(95)":0.0361,"avg":0.016811098293165662}},"response_time_api_v1_products_1_ratings":{"type":"trend","contains":"default","values":{"avg":17.75041420867413,"min":0.792909,"med":5.736865,"max":208.020561,"p(90)":63.150064,"p(95)":80.516599}}},"root_group":{"name":"","path":"","id":"d41d8cd98f00b204e9800998ecf8427e","groups":[],"checks":[{"fails":0,"name":"status was 200","path":"::status was 200","id":"1461660757a913d4fb82ac4c5e1009de","passes":370626}]},"options":{"summaryTimeUnit":"","noColor":false,"summaryTrendStats":["avg","min","med","max","p(90)","p(95)"]}}