{"root_group":{"groups":[],"checks":[{"id":"1461660757a913d4fb82ac4c5e1009de","passes":389784,"fails":0,"name":"status was 200","path":"::status was 200"}],"name":"","path":"","id":"d41d8cd98f00b204e9800998ecf8427e"},"options":{"summaryTrendStats":["avg","min","med","max","p(90)","p(95)"],"summaryTimeUnit":"","noColor":false},"state":{"isStdOutTTY":true,"isStdErrTTY":true,"testRunDurationMs":150116.158317},"metrics":{"data_received":{"type":"counter","contains":"data","values":{"count":5049002080,"rate":33633968.09914382}},"checks":{"type":"rate","contains":"default","values":{"rate":1,"passes":389784,"fails":0}},"http_req_connecting":{"type":"trend","contains":"time","values":{"p(95)":0,"avg":0.00009360125864581412,"min":0,"med":0,"max":11.692721,"p(90)":0}},"response_time_api_v1_products_1_ratings":{"contains":"default","values":{"p(95)":109.45230699999998,"avg":36.11709206768387,"min":0.975408,"med":13.2344625,"max":369.794079,"p(90)":93.79200180000001},"type":"trend"},"iteration_duration":{"contains":"time","values":{"p(90)":475.5984817000001,"p(95)":573.1439535,"avg":230.96572684209792,"min":32.844107,"med":173.1369105,"max":1173.937121},"type":"trend"},"http_req_tls_handshaking":{"type":"trend","contains":"time","values":{"max":0,"p(90)":0,"p(95)":0,"avg":0,"min":0,"med":0}},"http_req_duration{expected_response:true}":{"values":{"avg":38.364835379120564,"min":0.779822,"med":14.032902499999999,"max":589.534973,"p(90)":94.9048961,"p(95)":118.80874369999997},"type":"trend","contains":"time"},"response_time_api_v1_products":{"values":{"avg":32.576219058417216,"min":1.203613,"med":12.916348,"max":340.19951,"p(90)":84.99438400000001,"p(95)":98.37474424999999},"type":"trend","contains":"default"},"http_reqs":{"type":"counter","contains":"default","values":{"count":389784,"rate":2596.549261385266}},"http_req_receiving":{"type":"trend","contains":"time","values":{"max":212.293664,"p(90)":1.401686200000001,"p(95)":3.206799649999999,"avg":1.0769011823573578,"min":0.0087,"med":0.0351}},"response_time_productpage":{"contains":"default","values":{"p(90)":170.97520260000002,"p(95)":202.16574394999998,"avg":58.527946216736055,"min":2.401052,"med":22.347087,"max":589.534973},"type":"trend"},"response_time_api_v1_products_1":{"values":{"p(90)":89.288254,"p(95)":105.2701806,"avg":33.349826699141246,"min":0.91292,"med":12.2312695,"max":399.508288},"type":"trend","contains":"default"},"data_sent":{"type":"counter","contains":"data","values":{"count":35275452,"rate":234987.7081553666}},"iterations":{"type":"counter","contains":"default","values":{"count":64964,"rate":432.7582102308777}},"response_time_api_v1_products_1_reviews":{"values":{"avg":41.72480260739794,"min":1.428926,"med":14.853054,"max":429.464341,"p(90)":100.60134180000004,"p(95)":160.19801284999997},"type":"trend","contains":"default"},"http_req_failed":{"contains":"default","values":{"rate":0,"passes":0,"fails":389784},"type":"rate"},"vus_max":{"type":"gauge","contains":"default","values":{"max":100,"value":100,"min":100}},"response_time_":{"type":"trend","contains":"default","values":{"avg":27.893125625346038,"min":0.779822,"med":10.423011500000001,"max":299.814422,"p(90)":81.09703850000001,"p(95)":96.3390385}},"vus":{"contains":"default","values":{"value":100,"min":100,"max":100},"type":"gauge"},"http_req_sending":{"type":"trend","contains":"time","values":{"avg":0.017718176502892032,"min":0.0033,"med":0.0077,"max":20.034576,"p(90)":0.030601,"p(95)":0.0369}},"http_req_blocked":{"contains":"time","values":{"p(95)":0.0128,"avg":0.004920342471730229,"min":0.0011,"med":0.0028,"max":11.779522,"p(90)":0.009901},"type":"trend"},"http_req_duration":{"type":"trend","contains":"time","values":{"med":14.032902499999999,"max":589.534973,"p(90)":94.9048961,"p(95)":118.80874369999997,"avg":38.364835379120564,"min":0.779822}},"http_req_waiting":{"type":"trend","contains":"time","values":{"p(90)":93.69181880000002,"p(95)":114.39083399999994,"avg":37.27021602025952,"min":0.71802,"med":13.551189,"max":575.543772}}}}