{"root_group":{"path":"","id":"d41d8cd98f00b204e9800998ecf8427e","groups":[],"checks":[{"fails":0,"name":"status was 200","path":"::status was 200","id":"1461660757a913d4fb82ac4c5e1009de","passes":383442}],"name":""},"options":{"summaryTrendStats":["avg","min","med","max","p(90)","p(95)"],"summaryTimeUnit":"","noColor":false},"state":{"isStdOutTTY":true,"isStdErrTTY":true,"testRunDurationMs":150067.98478},"metrics":{"vus_max":{"values":{"max":50,"value":50,"min":50},"type":"gauge","contains":"default"},"http_req_duration":{"type":"trend","contains":"time","values":{"p(90)":65.7003275,"p(95)":83.85719035,"avg":19.432608145638977,"min":0.556305,"med":6.2548655,"max":392.03372}},"http_reqs":{"contains":"default","values":{"count":383442,"rate":2555.12193731479},"type":"counter"},"checks":{"type":"rate","contains":"default","values":{"rate":1,"passes":383442,"fails":0}},"response_time_":{"type":"trend","contains":"default","values":{"med":4.436942,"max":213.528193,"p(90)":55.9972044,"p(95)":71.4628953,"avg":13.84118706579886,"min":0.556305}},"response_time_productpage":{"values":{"max":392.03372,"p(90)":86.41882240000001,"p(95)":104.40816709999999,"avg":29.42841571976477,"min":1.939525,"med":10.555342},"type":"trend","contains":"default"},"response_time_api_v1_products":{"type":"trend","contains":"default","values":{"med":5.710936,"max":212.03988,"p(90)":65.46238720000002,"p(95)":79.6625086,"avg":18.297352902436355,"min":0.974416}},"http_req_connecting":{"type":"trend","contains":"time","values":{"p(90)":0,"p(95)":0,"avg":0.000015168166241569782,"min":0,"med":0,"max":0.500409}},"http_req_waiting":{"type":"trend","contains":"time","values":{"p(95)":82.23038130000003,"avg":18.7231427931943,"min":0.529605,"med":5.9658735,"max":389.056623,"p(90)":64.5434005}},"data_sent":{"type":"counter","contains":"data","values":{"count":34701501,"rate":231238.5353269885}},"response_time_api_v1_products_1":{"type":"trend","contains":"default","values":{"max":300.140875,"p(90)":60.514595,"p(95)":76.8999857,"avg":16.699709467288436,"min":0.651606,"med":5.225988}},"response_time_api_v1_products_1_reviews":{"type":"trend","contains":"default","values":{"avg":20.75419498267805,"min":0.996604,"med":6.557026,"max":389.112224,"p(90)":69.6045834,"p(95)":86.95391309999997}},"response_time_api_v1_products_1_ratings":{"type":"trend","contains":"default","values":{"min":0.72461,"med":5.670523,"max":300.886685,"p(90)":62.43690940000001,"p(95)":81.10783999999998,"avg":17.574788735866296}},"http_req_receiving":{"values":{"p(95)":2.1394234500000002,"avg":0.692985032766385,"min":-0.299525,"med":0.033,"max":203.781331,"p(90)":1.059809},"type":"trend","contains":"time"},"vus":{"values":{"value":50,"min":50,"max":50},"type":"gauge","contains":"default"},"iterations":{"type":"counter","contains":"default","values":{"count":63907,"rate":425.85365621913166}},"http_req_tls_handshaking":{"type":"trend","contains":"time","values":{"p(95)":0,"avg":0,"min":0,"med":0,"max":0,"p(90)":0}},"http_req_duration{expected_response:true}":{"values":{"max":392.03372,"p(90)":65.7003275,"p(95)":83.85719035,"avg":19.432608145638977,"min":0.556305,"med":6.2548655},"type":"trend","contains":"time"},"http_req_sending":{"type":"trend","contains":"time","values":{"p(95)":0.036001,"avg":0.01648031967808127,"min":0.0032,"med":0.007501,"max":21.415257,"p(90)":0.03}},"http_req_failed":{"type":"rate","contains":"default","values":{"rate":0,"passes":0,"fails":383442}},"data_received":{"values":{"rate":33097346.161350913,"count":4966852040},"type":"counter","contains":"data"},"iteration_duration":{"type":"trend","contains":"time","values":{"med":86.19658,"max":702.846086,"p(90)":283.285558,"p(95)":380.26602849999983,"avg":117.35308850155644,"min":14.403212}},"http_req_blocked":{"type":"trend","contains":"time","values":{"min":0.0011,"med":0.0028,"max":5.563632,"p(90)":0.010101,"p(95)":0.013,"avg":0.00466209996296938}}}}