{"state":{"isStdOutTTY":true,"isStdErrTTY":true,"testRunDurationMs":150431.386967},"metrics":{"http_req_sending":{"values":{"avg":0.014384773161322991,"min":0.0032,"med":0.0074,"max":19.736648,"p(90)":0.0219,"p(95)":0.0339},"type":"trend","contains":"time"},"http_req_tls_handshaking":{"type":"trend","contains":"time","values":{"p(90)":0,"p(95)":0,"avg":0,"min":0,"med":0,"max":0}},"response_time_api_v1_products_1_ratings":{"type":"trend","contains":"default","values":{"avg":40.588206900279076,"min":1.080312,"med":20.180030000000002,"max":493.059132,"p(90)":91.06729150000001,"p(95)":137.6787125}},"response_time_api_v1_products_1_reviews":{"values":{"max":584.273601,"p(90)":115.392805,"p(95)":186.52799625,"avg":51.78850492997252,"min":1.759821,"med":25.628059},"type":"trend","contains":"default"},"checks":{"type":"rate","contains":"default","values":{"rate":1,"passes":464136,"fails":0}},"iteration_duration":{"type":"trend","contains":"time","values":{"min":75.308554,"med":210.87485500000003,"max":1166.513681,"p(90)":538.8164194999999,"p(95)":617.33498875,"avg":291.4483999946187}},"response_time_api_v1_products_1":{"type":"trend","contains":"default","values":{"max":455.487574,"p(90)":92.727051,"p(95)":134.28917725,"avg":44.82350166585666,"min":1.130915,"med":23.7125375}},"http_req_failed":{"type":"rate","contains":"default","values":{"passes":0,"fails":464136,"rate":0}},"data_received":{"type":"counter","contains":"data","values":{"count":6012108320,"rate":39965784.011011414}},"http_reqs":{"type":"counter","contains":"default","values":{"count":464136,"rate":3085.3667532947566}},"http_req_duration":{"type":"trend","contains":"time","values":{"p(90)":98.810404,"p(95)":175.76574175,"avg":48.46436285543071,"min":0.929011,"med":24.0939195,"max":616.863991}},"response_time_api_v1_products":{"type":"trend","contains":"default","values":{"min":1.347093,"med":22.1007665,"max":390.918444,"p(90)":83.97482400000001,"p(95)":107.8894165,"avg":39.8733668163033}},"iterations":{"type":"counter","contains":"default","values":{"count":77356,"rate":514.2277922157928}},"http_req_blocked":{"values":{"med":0.0027,"max":10.870722,"p(90)":0.0066,"p(95)":0.0114,"avg":0.004087718931522335,"min":0.001},"type":"trend","contains":"time"},"vus":{"type":"gauge","contains":"default","values":{"value":150,"min":150,"max":150}},"data_sent":{"type":"counter","contains":"data","values":{"count":42004308,"rate":279225.69117317547}},"http_req_connecting":{"contains":"time","values":{"avg":0.000023692396194218935,"min":0,"med":0,"max":0.592411,"p(90)":0,"p(95)":0},"type":"trend"},"http_req_waiting":{"contains":"time","values":{"p(90)":97.2469095,"p(95)":172.08170225,"avg":47.29160881668363,"min":0.895111,"med":23.447225000000003,"max":612.145379},"type":"trend"},"response_time_productpage":{"type":"trend","contains":"default","values":{"p(90)":199.845256,"p(95)":280.3130925,"avg":77.08618157045426,"min":3.127303,"med":43.7294775,"max":616.863991}},"vus_max":{"values":{"value":150,"min":150,"max":150},"type":"gauge","contains":"default"},"http_req_duration{expected_response:true}":{"type":"trend","contains":"time","values":{"min":0.929011,"med":24.0939195,"max":616.863991,"p(90)":98.810404,"p(95)":175.76574175,"avg":48.46436285543071}},"http_req_receiving":{"type":"trend","contains":"time","values":{"p(90)":1.7598630000000002,"p(95)":4.1939945000000005,"avg":1.1583692655837001,"min":0.0091,"med":0.0321,"max":321.102976}},"response_time_":{"type":"trend","contains":"default","values":{"avg":36.626415249715684,"min":0.929011,"med":19.095024,"max":434.284649,"p(90)":80.2461145,"p(95)":98.50439875}}},"root_group":{"path":"","id":"d41d8cd98f00b204e9800998ecf8427e","groups":[],"checks":[{"name":"status was 200","path":"::status was 200","id":"1461660757a913d4fb82ac4c5e1009de","passes":464136,"fails":0}],"name":""},"options":{"summaryTrendStats":["avg","min","med","max","p(90)","p(95)"],"summaryTimeUnit":"","noColor":false}}