{"root_group":{"path":"","id":"d41d8cd98f00b204e9800998ecf8427e","groups":[],"checks":[{"name":"status was 200","path":"::status was 200","id":"1461660757a913d4fb82ac4c5e1009de","passes":463398,"fails":0}],"name":""},"options":{"summaryTrendStats":["avg","min","med","max","p(90)","p(95)"],"summaryTimeUnit":"","noColor":false},"state":{"isStdOutTTY":true,"isStdErrTTY":true,"testRunDurationMs":150280.769716},"metrics":{"data_sent":{"type":"counter","contains":"data","values":{"count":41937519,"rate":279061.1139352916}},"response_time_":{"type":"trend","contains":"default","values":{"p(95)":84.13464339999992,"avg":22.50338059210464,"min":0.620204,"med":9.7806,"max":295.184279,"p(90)":66.10275700000003}},"iterations":{"type":"counter","contains":"default","values":{"rate":513.9247033799109,"count":77233}},"http_req_duration{expected_response:true}":{"type":"trend","contains":"time","values":{"avg":32.282008968447805,"min":0.620204,"med":13.542087,"max":496.945342,"p(90)":79.4054182,"p(95)":101.45176659999997}},"response_time_api_v1_products_1_ratings":{"type":"trend","contains":"default","values":{"min":0.776003,"med":11.288619,"max":304.306801,"p(90)":74.7005042,"p(95)":96.4085572,"avg":28.063039474473587}},"response_time_api_v1_products":{"type":"trend","contains":"default","values":{"avg":28.23594316030713,"min":1.194007,"med":13.059908,"max":320.358633,"p(90)":70.40162400000003,"p(95)":88.22763939999999}},"vus_max":{"type":"gauge","contains":"default","values":{"min":100,"max":100,"value":100}},"checks":{"type":"rate","contains":"default","values":{"rate":1,"passes":463398,"fails":0}},"response_time_api_v1_products_1":{"type":"trend","contains":"default","values":{"p(90)":74.7143444,"p(95)":94.57790059999999,"avg":29.089857694210856,"min":0.924899,"med":12.387654,"max":392.168923}},"http_req_tls_handshaking":{"type":"trend","contains":"time","values":{"med":0,"max":0,"p(90)":0,"p(95)":0,"avg":0,"min":0}},"response_time_api_v1_products_1_reviews":{"type":"trend","contains":"default","values":{"p(90)":87.97490140000001,"p(95)":114.89311399999987,"avg":35.90592568868247,"min":1.510012,"med":14.202328,"max":411.658551}},"http_req_blocked":{"type":"trend","contains":"time","values":{"avg":0.004303578591191362,"min":0.0011,"med":0.0027,"max":15.16254,"p(90)":0.0065,"p(95)":0.0117}},"response_time_productpage":{"values":{"avg":49.89390720091159,"min":2.497826,"med":22.22816,"max":496.945342,"p(90)":108.84610460000006,"p(95)":186.53269439999997},"type":"trend","contains":"default"},"vus":{"type":"gauge","contains":"default","values":{"value":100,"min":100,"max":100}},"http_req_failed":{"type":"rate","contains":"default","values":{"rate":0,"passes":0,"fails":463398}},"http_reqs":{"contains":"default","values":{"count":463398,"rate":3083.5482202794656},"type":"counter"},"http_req_duration":{"type":"trend","contains":"time","values":{"avg":32.282008968447805,"min":0.620204,"med":13.542087,"max":496.945342,"p(90)":79.4054182,"p(95)":101.45176659999997}},"http_req_connecting":{"values":{"p(95)":0,"avg":0.00002783831609113548,"min":0,"med":0,"max":0.865401,"p(90)":0},"type":"trend","contains":"time"},"http_req_waiting":{"contains":"time","values":{"avg":31.40815990066388,"min":0.596904,"med":13.102002500000001,"max":458.904956,"p(90)":78.08429239999998,"p(95)":99.91279714999995},"type":"trend"},"http_req_sending":{"type":"trend","contains":"time","values":{"avg":0.016528471829839363,"min":0.0032,"med":0.0074,"max":19.089457,"p(90)":0.0223,"p(95)":0.034}},"data_received":{"type":"counter","contains":"data","values":{"count":6002548760,"rate":39942227.94668668}},"iteration_duration":{"type":"trend","contains":"time","values":{"med":134.857371,"max":1088.769047,"p(90)":394.21515039999997,"p(95)":498.6943166,"avg":194.37345468807453,"min":34.948987}},"http_req_receiving":{"type":"trend","contains":"time","values":{"max":216.189224,"p(90)":1.4523186999999997,"p(95)":3.0106270499999987,"avg":0.8573205959541959,"min":0.0088,"med":0.031399}}}}