{"options":{"summaryTrendStats":["avg","min","med","max","p(90)","p(95)"],"summaryTimeUnit":"","noColor":false},"state":{"isStdOutTTY":true,"isStdErrTTY":true,"testRunDurationMs":150613.648947},"metrics":{"data_received":{"type":"counter","contains":"data","values":{"count":5487964640,"rate":36437365.92512396}},"http_req_blocked":{"type":"trend","contains":"time","values":{"p(95)":0.0126,"avg":0.00492485947148046,"min":0.001099,"med":0.0027,"max":13.626083,"p(90)":0.0087}},"response_time_api_v1_products":{"type":"trend","contains":"default","values":{"max":604.46834,"p(90)":106.4833582,"p(95)":176.09532524999997,"avg":59.09297908318665,"min":1.61094,"med":45.4187305}},"vus":{"contains":"default","values":{"value":200,"min":200,"max":200},"type":"gauge"},"response_time_api_v1_products_1_reviews":{"type":"trend","contains":"default","values":{"med":36.2903,"max":855.831963,"p(90)":194.0850248,"p(95)":270.9902417,"avg":73.99711501223587,"min":3.615559}},"response_time_productpage":{"type":"trend","contains":"default","values":{"p(90)":293.18730220000003,"p(95)":386.0668657999999,"avg":111.26540228544606,"min":2.658016,"med":68.126792,"max":879.112011}},"http_req_sending":{"values":{"med":0.0076,"max":42.387648,"p(90)":0.0281,"p(95)":0.0365,"avg":0.016641327529321744,"min":0.0031},"type":"trend","contains":"time"},"http_req_waiting":{"values":{"p(90)":171.47472520000017,"p(95)":214.29290124999983,"avg":69.1522216733074,"min":0.938417,"med":44.0144655,"max":855.792962},"type":"trend","contains":"time"},"data_sent":{"type":"counter","contains":"data","values":{"count":38342316,"rate":254573.97963641674}},"http_req_duration":{"type":"trend","contains":"time","values":{"max":879.112011,"p(90)":173.79082470000003,"p(95)":221.26233064999988,"avg":70.84253305002176,"min":1.006918,"med":45.083381}},"response_time_api_v1_products_1":{"type":"trend","contains":"default","values":{"avg":64.28565750109036,"min":1.3481,"med":45.7642875,"max":599.150161,"p(90)":158.890964,"p(95)":190.0500545}},"http_req_receiving":{"type":"trend","contains":"time","values":{"p(90)":2.800591900000002,"p(95)":6.411796099999997,"avg":1.673670049184232,"min":0.0091,"med":0.036002,"max":506.169059}},"http_req_failed":{"values":{"rate":0,"passes":0,"fails":423672},"type":"rate","contains":"default"},"iterations":{"type":"counter","contains":"default","values":{"count":70612,"rate":468.828691779773}},"http_reqs":{"type":"counter","contains":"default","values":{"rate":2812.972150678638,"count":423672}},"response_time_":{"type":"trend","contains":"default","values":{"avg":53.54714238844735,"min":1.006918,"med":36.2601775,"max":649.843907,"p(90)":105.8589525,"p(95)":169.1790804}},"vus_max":{"type":"gauge","contains":"default","values":{"value":200,"min":200,"max":200}},"http_req_duration{expected_response:true}":{"type":"trend","contains":"time","values":{"med":45.083381,"max":879.112011,"p(90)":173.79082470000003,"p(95)":221.26233064999988,"avg":70.84253305002176,"min":1.006918}},"http_req_connecting":{"type":"trend","contains":"time","values":{"avg":0.00019352802403746307,"min":0,"med":0,"max":2.090613,"p(90)":0,"p(95)":0}},"http_req_tls_handshaking":{"type":"trend","contains":"time","values":{"avg":0,"min":0,"med":0,"max":0,"p(90)":0,"p(95)":0}},"checks":{"type":"rate","contains":"default","values":{"rate":1,"passes":423672,"fails":0}},"response_time_api_v1_products_1_ratings":{"type":"trend","contains":"default","values":{"med":43.8357755,"max":669.144313,"p(90)":159.98261430000002,"p(95)":194.78812894999996,"avg":62.8669020297257,"min":1.39152}},"iteration_duration":{"values":{"max":1714.632946,"p(90)":747.2784966,"p(95)":862.6665267999999,"avg":425.7910524794219,"min":94.41433,"med":366.092359},"type":"trend","contains":"time"}},"root_group":{"name":"","path":"","id":"d41d8cd98f00b204e9800998ecf8427e","groups":[],"checks":[{"name":"status was 200","path":"::status was 200","id":"1461660757a913d4fb82ac4c5e1009de","passes":423672,"fails":0}]}}