{"state":{"isStdErrTTY":true,"testRunDurationMs":150175.323493,"isStdOutTTY":true},"metrics":{"response_time_api_v1_products":{"type":"trend","contains":"default","values":{"min":1.287312,"med":22.17416,"max":367.399525,"p(90)":90.94861450000002,"p(95)":117.9184811499999,"avg":42.193808869161494}},"vus_max":{"type":"gauge","contains":"default","values":{"value":150,"min":150,"max":150}},"vus":{"values":{"value":150,"min":150,"max":150},"type":"gauge","contains":"default"},"http_req_duration":{"values":{"avg":55.69216962295232,"min":0.927106,"med":26.1698095,"max":680.660687,"p(90)":124.0356818,"p(95)":194.49492984999986},"type":"trend","contains":"time"},"response_time_api_v1_products_1_reviews":{"type":"trend","contains":"default","values":{"min":2.468604,"med":31.496149,"max":531.937154,"p(90)":180.20274170000005,"p(95)":214.3668309999998,"avg":65.83402533673505}},"http_req_duration{expected_response:true}":{"type":"trend","contains":"time","values":{"p(90)":124.0356818,"p(95)":194.49492984999986,"avg":55.69216962295232,"min":0.927106,"med":26.1698095,"max":680.660687}},"http_req_blocked":{"contains":"time","values":{"avg":0.004684630221041171,"min":0.0011,"med":0.0027,"max":11.28222,"p(90)":0.009,"p(95)":0.0126},"type":"trend"},"response_time_productpage":{"type":"trend","contains":"default","values":{"avg":92.64172510510433,"min":4.157612,"med":59.2661265,"max":680.660687,"p(90)":260.1564999,"p(95)":304.62573004999996}},"iteration_duration":{"type":"trend","contains":"time","values":{"avg":334.8865513933572,"min":77.61388,"med":271.93521450000003,"max":1288.002742,"p(90)":606.061609,"p(95)":701.1417283}},"http_req_failed":{"type":"rate","contains":"default","values":{"rate":0,"passes":0,"fails":403368}},"checks":{"type":"rate","contains":"default","values":{"rate":1,"passes":403368,"fails":0}},"response_time_":{"values":{"min":0.927106,"med":19.755308,"max":380.571327,"p(90)":88.5144438,"p(95)":107.57554774999997,"avg":39.500955603870345},"type":"trend","contains":"default"},"http_req_waiting":{"type":"trend","contains":"time","values":{"p(90)":120.3928933999999,"p(95)":190.74864954999995,"avg":54.27987245628549,"min":0.886906,"med":25.3192885,"max":615.2552}},"data_sent":{"contains":"data","values":{"count":36504804,"rate":243081.2409849849},"type":"counter"},"http_req_connecting":{"type":"trend","contains":"time","values":{"p(90)":0,"p(95)":0,"avg":0.00010493245869776485,"min":0,"med":0,"max":3.906931}},"response_time_api_v1_products_1_ratings":{"type":"trend","contains":"default","values":{"avg":46.16746822701869,"min":1.0507,"med":21.238111,"max":469.176486,"p(90)":104.2035782,"p(95)":167.95092945}},"http_req_tls_handshaking":{"type":"trend","contains":"time","values":{"p(95)":0,"avg":0,"min":0,"med":0,"max":0,"p(90)":0}},"data_received":{"type":"counter","contains":"data","values":{"count":5224960160,"rate":34792401.56418605}},"iterations":{"type":"counter","contains":"default","values":{"count":67228,"rate":447.66342722833315}},"http_req_sending":{"type":"trend","contains":"time","values":{"p(90)":0.0281,"p(95)":0.0357,"avg":0.016878633044771055,"min":0.0032,"med":0.0075,"max":26.209901}},"http_reqs":{"type":"counter","contains":"default","values":{"count":403368,"rate":2685.980563369999}},"response_time_api_v1_products_1":{"type":"trend","contains":"default","values":{"min":1.000502,"med":24.866080500000002,"max":480.596814,"p(90)":100.20167000000005,"p(95)":162.87515329999977,"avg":47.81503459582317}},"http_req_receiving":{"type":"trend","contains":"time","values":{"max":292.707086,"p(90)":1.9660109,"p(95)":4.71420585,"avg":1.395418533621895,"min":0.0087,"med":0.035}}},"root_group":{"id":"d41d8cd98f00b204e9800998ecf8427e","groups":[],"checks":[{"passes":403368,"fails":0,"name":"status was 200","path":"::status was 200","id":"1461660757a913d4fb82ac4c5e1009de"}],"name":"","path":""},"options":{"summaryTimeUnit":"","noColor":false,"summaryTrendStats":["avg","min","med","max","p(90)","p(95)"]}}