{"root_group":{"id":"d41d8cd98f00b204e9800998ecf8427e","groups":[],"checks":[{"name":"status was 200","path":"::status was 200","id":"1461660757a913d4fb82ac4c5e1009de","passes":384366,"fails":0}],"name":"","path":""},"options":{"summaryTrendStats":["avg","min","med","max","p(90)","p(95)"],"summaryTimeUnit":"","noColor":false},"state":{"isStdOutTTY":true,"isStdErrTTY":true,"testRunDurationMs":150023.851378},"metrics":{"response_time_api_v1_products_1_ratings":{"type":"trend","contains":"default","values":{"min":0.805706,"med":5.872473,"max":293.495098,"p(90)":60.508022,"p(95)":78.877483,"avg":17.207335265465726}},"http_req_tls_handshaking":{"type":"trend","contains":"time","values":{"med":0,"max":0,"p(90)":0,"p(95)":0,"avg":0,"min":0}},"response_time_":{"type":"trend","contains":"default","values":{"p(95)":66.802608,"avg":13.130158652721624,"min":0.584305,"med":4.617042,"max":285.562827,"p(90)":51.667784}},"http_req_duration":{"type":"trend","contains":"time","values":{"avg":19.388390507045397,"min":0.584305,"med":6.684034499999999,"max":378.413365,"p(90)":63.511667,"p(95)":82.18324675}},"iterations":{"type":"counter","contains":"default","values":{"count":64061,"rate":427.0054355463249}},"http_req_sending":{"type":"trend","contains":"time","values":{"avg":0.016414764240340315,"min":0.0032,"med":0.0076,"max":16.632866,"p(90)":0.029401,"p(95)":0.035501}},"response_time_api_v1_products_1_reviews":{"type":"trend","contains":"default","values":{"avg":21.93059511690403,"min":1.12701,"med":7.684905,"max":304.243746,"p(90)":69.038184,"p(95)":88.604866}},"http_reqs":{"contains":"default","values":{"rate":2562.032613277949,"count":384366},"type":"counter"},"http_req_waiting":{"type":"trend","contains":"time","values":{"med":6.3933605,"max":377.81226,"p(90)":62.4495645,"p(95)":80.773827,"avg":18.701332056592367,"min":0.559405}},"http_req_duration{expected_response:true}":{"type":"trend","contains":"time","values":{"avg":19.388390507045397,"min":0.584305,"med":6.684034499999999,"max":378.413365,"p(90)":63.511667,"p(95)":82.18324675}},"vus":{"type":"gauge","contains":"default","values":{"value":50,"min":50,"max":50}},"iteration_duration":{"type":"trend","contains":"time","values":{"avg":117.07578113944606,"min":16.289046,"med":88.164983,"max":818.643011,"p(90)":275.16501,"p(95)":374.898756}},"response_time_productpage":{"values":{"avg":30.672252149201718,"min":1.84451,"med":11.659102,"max":378.413365,"p(90)":85.603924,"p(95)":106.09424},"type":"trend","contains":"default"},"response_time_api_v1_products":{"contains":"default","values":{"avg":17.62225633838058,"min":1.032218,"med":5.89607,"max":286.503834,"p(90)":62.065917,"p(95)":76.621611},"type":"trend"},"response_time_api_v1_products_1":{"type":"trend","contains":"default","values":{"med":5.366026,"max":284.882421,"p(90)":56.497805,"p(95)":72.936936,"avg":15.767745519598606,"min":0.684243}},"vus_max":{"type":"gauge","contains":"default","values":{"value":50,"min":50,"max":50}},"data_sent":{"type":"counter","contains":"data","values":{"count":34785123,"rate":231863.95150165443}},"http_req_blocked":{"type":"trend","contains":"time","values":{"max":7.165123,"p(90)":0.0095,"p(95)":0.0128,"avg":0.004670763327143361,"min":0.0011,"med":0.0028}},"http_req_receiving":{"contains":"time","values":{"avg":0.6706436862131532,"min":-0.194298,"med":0.033201,"max":195.500315,"p(90)":1.1280905,"p(95)":2.18679775},"type":"trend"},"checks":{"type":"rate","contains":"default","values":{"rate":1,"passes":384366,"fails":0}},"data_received":{"contains":"data","values":{"count":4978820920,"rate":33186862.45066037},"type":"counter"},"http_req_connecting":{"type":"trend","contains":"time","values":{"avg":0.00008027310948418957,"min":0,"med":0,"max":1.067306,"p(90)":0,"p(95)":0}},"http_req_failed":{"type":"rate","contains":"default","values":{"rate":0,"passes":0,"fails":384366}}}}