{"options":{"summaryTimeUnit":"","noColor":false,"summaryTrendStats":["avg","min","med","max","p(90)","p(95)"]},"state":{"isStdOutTTY":true,"isStdErrTTY":true,"testRunDurationMs":150113.951266},"metrics":{"response_time_productpage":{"values":{"avg":67.89137359298044,"min":2.946692,"med":26.791637,"max":517.347372,"p(90)":190.97783040000002,"p(95)":223.85339099999987},"type":"trend","contains":"default"},"http_req_waiting":{"values":{"avg":40.41690142628801,"min":0.654821,"med":14.508040999999999,"max":501.371016,"p(90)":99.09382610000002,"p(95)":151.77971740000018},"type":"trend","contains":"time"},"response_time_api_v1_products":{"type":"trend","contains":"default","values":{"avg":34.70189151332343,"min":1.046685,"med":13.804091,"max":373.900808,"p(90)":88.725256,"p(95)":104.49710499999998}},"http_req_duration":{"type":"trend","contains":"time","values":{"med":15.022753,"max":517.347372,"p(90)":100.54817650000004,"p(95)":162.02828095,"avg":41.64559317646541,"min":0.683222}},"http_req_sending":{"type":"trend","contains":"time","values":{"avg":0.01994941305946589,"min":0.0032,"med":0.0077,"max":24.532583,"p(90)":0.032101,"p(95)":0.038399}},"iteration_duration":{"type":"trend","contains":"time","values":{"max":1168.912968,"p(90)":510.14093080000004,"p(95)":603.6320088,"avg":250.6949182806695,"min":27.089352,"med":180.342441}},"iterations":{"type":"counter","contains":"default","values":{"count":59857,"rate":398.7437509651196}},"http_req_connecting":{"contains":"time","values":{"med":0,"max":0.502604,"p(90)":0,"p(95)":0,"avg":0.000051933717025577644,"min":0},"type":"trend"},"vus_max":{"values":{"value":100,"min":100,"max":100},"type":"gauge","contains":"default"},"response_time_":{"type":"trend","contains":"default","values":{"avg":28.70691264249788,"min":0.683222,"med":10.731991,"max":289.492073,"p(90)":83.172066,"p(95)":98.41320239999999}},"http_req_receiving":{"type":"trend","contains":"time","values":{"min":0.0088,"med":0.0361,"max":220.362872,"p(90)":1.5311223000000003,"p(95)":3.6401108000000013,"avg":1.2087423371173465}},"response_time_api_v1_products_1_ratings":{"type":"trend","contains":"default","values":{"min":0.745208,"med":12.776567,"max":411.487799,"p(90)":94.30764660000001,"p(95)":111.5193241999999,"avg":35.42281393177099}},"http_req_tls_handshaking":{"type":"trend","contains":"time","values":{"avg":0,"min":0,"med":0,"max":0,"p(90)":0,"p(95)":0}},"data_received":{"type":"counter","contains":"data","values":{"count":4652086040,"rate":30990364.325009096}},"vus":{"contains":"default","values":{"min":100,"max":100,"value":100},"type":"gauge"},"response_time_api_v1_products_1":{"values":{"avg":34.4361875329202,"min":0.719803,"med":12.445421,"max":369.196309,"p(90)":92.5233292,"p(95)":109.1265916},"type":"trend","contains":"default"},"http_reqs":{"type":"counter","contains":"default","values":{"count":359142,"rate":2392.462505790718}},"response_time_api_v1_products_1_reviews":{"type":"trend","contains":"default","values":{"avg":48.714379845298104,"min":1.812007,"med":17.311564,"max":409.972436,"p(90)":117.55002920000001,"p(95)":182.7327978}},"http_req_blocked":{"type":"trend","contains":"time","values":{"avg":0.005175803785134205,"min":0.0011,"med":0.0028,"max":12.583318,"p(90)":0.011,"p(95)":0.0134}},"http_req_failed":{"contains":"default","values":{"rate":0,"passes":0,"fails":359142},"type":"rate"},"data_sent":{"type":"counter","contains":"data","values":{"count":32502351,"rate":216517.85677405994}},"http_req_duration{expected_response:true}":{"type":"trend","contains":"time","values":{"med":15.022753,"max":517.347372,"p(90)":100.54817650000004,"p(95)":162.02828095,"avg":41.64559317646541,"min":0.683222}},"checks":{"contains":"default","values":{"rate":1,"passes":359142,"fails":0},"type":"rate"}},"root_group":{"groups":[],"checks":[{"name":"status was 200","path":"::status was 200","id":"1461660757a913d4fb82ac4c5e1009de","passes":359142,"fails":0}],"name":"","path":"","id":"d41d8cd98f00b204e9800998ecf8427e"}}