{"state":{"isStdOutTTY":true,"isStdErrTTY":true,"testRunDurationMs":150288.9886},"metrics":{"response_time_api_v1_products":{"contains":"default","values":{"max":502.952407,"p(90)":98.1611892,"p(95)":154.45925899999995,"avg":47.05854852352888,"min":1.475798,"med":24.760846},"type":"trend"},"response_time_api_v1_products_1":{"contains":"default","values":{"min":0.939297,"med":26.842023,"max":512.705544,"p(90)":107.28067840000001,"p(95)":170.53424399999997,"avg":50.6118484398188},"type":"trend"},"response_time_api_v1_products_1_reviews":{"type":"trend","contains":"default","values":{"max":695.746142,"p(90)":187.3333572,"p(95)":233.80299009999976,"avg":69.9269967927342,"min":1.769859,"med":34.208128}},"response_time_productpage":{"type":"trend","contains":"default","values":{"avg":101.43147602538356,"min":4.210386,"med":59.835391,"max":807.598975,"p(90)":282.1676842,"p(95)":339.97313109999993}},"http_req_waiting":{"type":"trend","contains":"time","values":{"avg":58.5610035096458,"min":0.795698,"med":28.193890500000002,"max":807.511075,"p(90)":155.17477120000018,"p(95)":201.46237275000001}},"data_sent":{"type":"counter","contains":"data","values":{"count":33821841,"rate":225045.36969117643}},"vus_max":{"type":"gauge","contains":"default","values":{"value":150,"min":150,"max":150}},"http_req_sending":{"values":{"avg":0.019085906743523295,"min":0.0032,"med":0.0076,"max":20.479099,"p(90)":0.0307,"p(95)":0.0376},"type":"trend","contains":"time"},"http_req_blocked":{"type":"trend","contains":"time","values":{"avg":0.005060958311260206,"min":0.001,"med":0.0028,"max":17.930076,"p(90)":0.010001,"p(95)":0.013001}},"http_req_connecting":{"contains":"time","values":{"min":0,"med":0,"max":8.110163,"p(90)":0,"p(95)":0,"avg":0.00017748986412359987},"type":"trend"},"http_req_receiving":{"type":"trend","contains":"time","values":{"avg":1.5819268185897284,"min":0.0088,"med":0.0364,"max":327.069273,"p(90)":2.0544949000000003,"p(95)":5.202849900000008}},"checks":{"type":"rate","contains":"default","values":{"rate":1,"passes":373722,"fails":0}},"http_req_duration":{"type":"trend","contains":"time","values":{"med":29.301944,"max":807.598975,"p(90)":159.3154246,"p(95)":206.50511675000004,"avg":60.16201623497951,"min":0.821198}},"http_req_duration{expected_response:true}":{"type":"trend","contains":"time","values":{"p(95)":206.50511675000004,"avg":60.16201623497951,"min":0.821198,"med":29.301944,"max":807.598975,"p(90)":159.3154246}},"http_reqs":{"type":"counter","contains":"default","values":{"count":373722,"rate":2486.689167858303}},"http_req_failed":{"type":"rate","contains":"default","values":{"rate":0,"passes":0,"fails":373722}},"vus":{"values":{"value":150,"min":150,"max":150},"type":"gauge","contains":"default"},"response_time_api_v1_products_1_ratings":{"contains":"default","values":{"max":531.885984,"p(90)":113.49528120000001,"p(95)":180.07496609999995,"avg":48.794176329057436,"min":0.887878,"med":21.864166},"type":"trend"},"response_time_":{"type":"trend","contains":"default","values":{"med":22.195295,"max":502.548603,"p(90)":92.2155216,"p(95)":121.69335769999994,"avg":43.14905129935506,"min":0.821198}},"data_received":{"contains":"data","values":{"count":4840945640,"rate":32210913.687657885},"type":"counter"},"http_req_tls_handshaking":{"contains":"time","values":{"max":0,"p(90)":0,"p(95)":0,"avg":0,"min":0,"med":0},"type":"trend"},"iteration_duration":{"values":{"avg":361.7579386052469,"min":81.059507,"med":286.68999,"max":1306.307686,"p(90)":679.0293078000001,"p(95)":780.9472247},"type":"trend","contains":"time"},"iterations":{"values":{"rate":414.4481946430505,"count":62287},"type":"counter","contains":"default"}},"root_group":{"groups":[],"checks":[{"name":"status was 200","path":"::status was 200","id":"1461660757a913d4fb82ac4c5e1009de","passes":373722,"fails":0}],"name":"","path":"","id":"d41d8cd98f00b204e9800998ecf8427e"},"options":{"noColor":false,"summaryTrendStats":["avg","min","med","max","p(90)","p(95)"],"summaryTimeUnit":""}}