{"root_group":{"groups":[],"checks":[{"name":"status was 200","path":"::status was 200","id":"1461660757a913d4fb82ac4c5e1009de","passes":435456,"fails":0}],"name":"","path":"","id":"d41d8cd98f00b204e9800998ecf8427e"},"options":{"summaryTrendStats":["avg","min","med","max","p(90)","p(95)"],"summaryTimeUnit":"","noColor":false},"state":{"isStdOutTTY":true,"isStdErrTTY":true,"testRunDurationMs":150129.423313},"metrics":{"http_req_blocked":{"type":"trend","contains":"time","values":{"avg":0.004536447402265854,"min":0.0011,"med":0.002601,"max":11.413955,"p(90)":0.0066,"p(95)":0.011401}},"response_time_api_v1_products":{"type":"trend","contains":"default","values":{"min":1.337792,"med":42.1578995,"max":698.144383,"p(90)":103.921584,"p(95)":177.79781075,"avg":57.14697621683483}},"http_req_connecting":{"type":"trend","contains":"time","values":{"med":0,"max":11.381357,"p(90)":0,"p(95)":0,"avg":0.00030968061067019394,"min":0}},"http_req_receiving":{"type":"trend","contains":"time","values":{"avg":1.539401853966819,"min":0.008401,"med":0.032995,"max":489.91031,"p(90)":2.360316,"p(95)":5.76634375}},"iteration_duration":{"type":"trend","contains":"time","values":{"avg":413.5449795911071,"min":98.881,"med":329.76476249999996,"max":1426.911435,"p(90)":741.6640884999999,"p(95)":862.47122775}},"http_reqs":{"type":"counter","contains":"default","values":{"count":435456,"rate":2900.537352309226}},"http_req_duration":{"values":{"avg":68.81134694088176,"min":1.151642,"med":43.753252,"max":911.137038,"p(90)":168.3199755,"p(95)":219.950669},"type":"trend","contains":"time"},"http_req_sending":{"type":"trend","contains":"time","values":{"max":22.66017,"p(90)":0.022301,"p(95)":0.0341,"avg":0.015168849560009993,"min":-0.442409,"med":0.0073}},"response_time_api_v1_products_1_ratings":{"type":"trend","contains":"default","values":{"med":51.6783345,"max":755.010031,"p(90)":161.3554105,"p(95)":199.50137124999998,"avg":65.33220361166316,"min":1.267617}},"data_sent":{"type":"counter","contains":"data","values":{"count":39408768,"rate":262498.63038398494}},"response_time_api_v1_products_1":{"contains":"default","values":{"p(90)":144.4297155,"p(95)":189.50435325,"avg":60.53565908158302,"min":1.151642,"med":42.312242999999995,"max":689.128464},"type":"trend"},"response_time_api_v1_products_1_reviews":{"type":"trend","contains":"default","values":{"avg":68.93451319930783,"min":1.962928,"med":35.041797,"max":801.075553,"p(90)":179.859295,"p(95)":253.51312375}},"iterations":{"values":{"rate":483.4228920515377,"count":72576},"type":"counter","contains":"default"},"vus":{"type":"gauge","contains":"default","values":{"max":200,"value":200,"min":200}},"vus_max":{"values":{"value":200,"min":200,"max":200},"type":"gauge","contains":"default"},"http_req_tls_handshaking":{"type":"trend","contains":"time","values":{"avg":0,"min":0,"med":0,"max":0,"p(90)":0,"p(95)":0}},"data_received":{"type":"counter","contains":"data","values":{"count":5640606720,"rate":37571627.170245506}},"checks":{"type":"rate","contains":"default","values":{"rate":1,"passes":435456,"fails":0}},"http_req_duration{expected_response:true}":{"type":"trend","contains":"time","values":{"min":1.151642,"med":43.753252,"max":911.137038,"p(90)":168.3199755,"p(95)":219.950669,"avg":68.81134694088176}},"http_req_waiting":{"values":{"p(90)":166.0937745,"p(95)":213.933353,"avg":67.25677623735608,"min":1.119142,"med":42.666382,"max":865.956747},"type":"trend","contains":"time"},"http_req_failed":{"contains":"default","values":{"fails":435456,"rate":0,"passes":0},"type":"rate"},"response_time_":{"type":"trend","contains":"default","values":{"avg":52.25470705045704,"min":1.166015,"med":29.9280095,"max":692.206205,"p(90)":106.5072715,"p(95)":179.44142125000002}},"response_time_productpage":{"type":"trend","contains":"default","values":{"med":70.23116350000001,"max":911.137038,"p(90)":287.1384765,"p(95)":387.50320800000003,"avg":108.6640224854485,"min":3.499718}}}}