{"state":{"isStdOutTTY":true,"isStdErrTTY":true,"testRunDurationMs":150262.60403},"metrics":{"http_req_duration":{"type":"trend","contains":"time","values":{"p(95)":148.90218135,"avg":40.156483550397894,"min":0.597409,"med":14.6926845,"max":491.598818,"p(90)":97.02218760000004}},"response_time_api_v1_products_1":{"type":"trend","contains":"default","values":{"avg":34.93943267861939,"min":0.918514,"med":12.988853500000001,"max":327.499464,"p(90)":90.9496008,"p(95)":107.79856699999998}},"data_received":{"type":"counter","contains":"data","values":{"count":4828899040,"rate":32136399.280262094}},"http_req_waiting":{"type":"trend","contains":"time","values":{"max":484.544013,"p(90)":95.78973960000005,"p(95)":128.73017315000004,"avg":39.02597161405809,"min":0.544609,"med":14.187726}},"http_req_failed":{"type":"rate","contains":"default","values":{"rate":0,"passes":0,"fails":372792}},"http_req_sending":{"type":"trend","contains":"time","values":{"avg":0.01872091346918128,"min":0.0027,"med":0.0075,"max":22.953051,"p(90)":0.030601,"p(95)":0.036801}},"http_req_blocked":{"type":"trend","contains":"time","values":{"min":0.001,"med":0.0028,"max":9.620047,"p(90)":0.0103,"p(95)":0.013,"avg":0.004812849900214248}},"response_time_api_v1_products_1_reviews":{"type":"trend","contains":"default","values":{"p(95)":177.3241377,"avg":46.40631851887964,"min":1.421918,"med":16.302292,"max":415.528285,"p(90)":112.23708950000001}},"vus":{"type":"gauge","contains":"default","values":{"value":100,"min":100,"max":100}},"vus_max":{"type":"gauge","contains":"default","values":{"value":100,"min":100,"max":100}},"response_time_":{"type":"trend","contains":"default","values":{"p(95)":95.7953654,"avg":27.495346354471437,"min":0.597409,"med":10.4014985,"max":313.331712,"p(90)":79.66779480000001}},"data_sent":{"contains":"data","values":{"count":33737676,"rate":224524.76594418832},"type":"counter"},"http_req_duration{expected_response:true}":{"type":"trend","contains":"time","values":{"med":14.6926845,"max":491.598818,"p(90)":97.02218760000004,"p(95)":148.90218135,"avg":40.156483550397894,"min":0.597409}},"http_reqs":{"values":{"count":372792,"rate":2480.9366402672745},"type":"counter","contains":"default"},"response_time_api_v1_products":{"type":"trend","contains":"default","values":{"med":13.497250999999999,"max":310.278612,"p(90)":84.160813,"p(95)":99.60357739999999,"avg":33.194463008627196,"min":1.149116}},"http_req_receiving":{"contains":"time","values":{"avg":1.111791022870632,"min":0.0084,"med":0.034401,"max":263.090426,"p(90)":1.477724,"p(95)":3.3590853500000035},"type":"trend"},"http_req_tls_handshaking":{"contains":"time","values":{"p(95)":0,"avg":0,"min":0,"med":0,"max":0,"p(90)":0},"type":"trend"},"response_time_productpage":{"type":"trend","contains":"default","values":{"avg":65.0530933298453,"min":3.213649,"med":25.762855000000002,"max":491.598818,"p(90)":186.6393778,"p(95)":217.9263526999998}},"response_time_api_v1_products_1_ratings":{"type":"trend","contains":"default","values":{"avg":33.85024741194548,"min":0.812113,"med":12.2223185,"max":317.884522,"p(90)":91.00415020000001,"p(95)":108.03235445}},"http_req_connecting":{"contains":"time","values":{"p(95)":0,"avg":0.00002843293311015258,"min":0,"med":0,"max":0.488907,"p(90)":0},"type":"trend"},"iteration_duration":{"contains":"time","values":{"p(90)":490.7826152,"p(95)":594.3387162999998,"avg":241.7231157030832,"min":36.569951,"med":177.2633285,"max":1115.516599},"type":"trend"},"iterations":{"type":"counter","contains":"default","values":{"count":62132,"rate":413.4894400445457}},"checks":{"values":{"rate":1,"passes":372792,"fails":0},"type":"rate","contains":"default"}},"root_group":{"groups":[],"checks":[{"fails":0,"name":"status was 200","path":"::status was 200","id":"1461660757a913d4fb82ac4c5e1009de","passes":372792}],"name":"","path":"","id":"d41d8cd98f00b204e9800998ecf8427e"},"options":{"noColor":false,"summaryTrendStats":["avg","min","med","max","p(90)","p(95)"],"summaryTimeUnit":""}}