{"root_group":{"name":"","path":"","id":"d41d8cd98f00b204e9800998ecf8427e","groups":[],"checks":[{"passes":399612,"fails":0,"name":"status was 200","path":"::status was 200","id":"1461660757a913d4fb82ac4c5e1009de"}]},"options":{"summaryTrendStats":["avg","min","med","max","p(90)","p(95)"],"summaryTimeUnit":"","noColor":false},"state":{"isStdOutTTY":true,"isStdErrTTY":true,"testRunDurationMs":150103.710002},"metrics":{"iteration_duration":{"type":"trend","contains":"time","values":{"max":1397.39105,"p(90)":614.1388664000001,"p(95)":712.5916688,"avg":337.9690770549227,"min":82.133484,"med":260.3917775}},"data_received":{"type":"counter","contains":"data","values":{"count":5176307440,"rate":34484873.42472101}},"response_time_productpage":{"type":"trend","contains":"default","values":{"avg":94.82757982105585,"min":3.533251,"med":59.3390565,"max":796.080222,"p(90)":268.17507159999997,"p(95)":322.95283394999956}},"http_req_failed":{"type":"rate","contains":"default","values":{"rate":0,"passes":0,"fails":399612}},"checks":{"type":"rate","contains":"default","values":{"rate":1,"passes":399612,"fails":0}},"response_time_":{"type":"trend","contains":"default","values":{"avg":40.56304792789994,"min":0.899112,"med":20.455054500000003,"max":423.182535,"p(90)":88.1260118,"p(95)":109.94440724999995}},"iterations":{"type":"counter","contains":"default","values":{"count":66602,"rate":443.706554615556}},"http_req_receiving":{"type":"trend","contains":"time","values":{"p(90)":1.996721900000002,"p(95)":4.894713999999996,"avg":1.4448037517515981,"min":0.0089,"med":0.0339,"max":384.305388}},"response_time_api_v1_products_1":{"type":"trend","contains":"default","values":{"avg":50.88705406334696,"min":1.177324,"med":29.8559365,"max":512.64787,"p(90)":106.1156039,"p(95)":172.13986844999994}},"http_req_blocked":{"type":"trend","contains":"time","values":{"avg":0.004624330110209207,"min":0.001,"med":0.0027,"max":11.529263,"p(90)":0.0088,"p(95)":0.0126}},"http_req_connecting":{"type":"trend","contains":"time","values":{"max":4.08672,"p(90)":0,"p(95)":0,"avg":0.00014520202346275887,"min":0,"med":0}},"http_req_tls_handshaking":{"type":"trend","contains":"time","values":{"avg":0,"min":0,"med":0,"max":0,"p(90)":0,"p(95)":0}},"response_time_api_v1_products_1_reviews":{"contains":"default","values":{"p(90)":182.71164879999998,"p(95)":220.24045269999985,"avg":65.42397186916311,"min":1.481921,"med":30.9406995,"max":608.624418},"type":"trend"},"response_time_api_v1_products_1_ratings":{"type":"trend","contains":"default","values":{"min":1.158117,"med":20.2692565,"max":470.888107,"p(90)":99.73884360000001,"p(95)":168.14966499999994,"avg":43.39473426487181}},"vus":{"contains":"default","values":{"value":150,"min":150,"max":150},"type":"gauge"},"response_time_api_v1_products":{"type":"trend","contains":"default","values":{"avg":42.12966597839396,"min":1.431121,"med":22.038435999999997,"max":438.510757,"p(90)":91.28110500000001,"p(95)":121.69457219999985}},"http_req_duration":{"type":"trend","contains":"time","values":{"med":26.7569045,"max":796.080222,"p(90)":123.67678300000006,"p(95)":197.20709429999994,"avg":56.20434232078707,"min":0.899112}},"vus_max":{"type":"gauge","contains":"default","values":{"value":150,"min":150,"max":150}},"http_reqs":{"type":"counter","contains":"default","values":{"count":399612,"rate":2662.2393276933362}},"data_sent":{"values":{"count":36164886,"rate":240932.65915624693},"type":"counter","contains":"data"},"http_req_duration{expected_response:true}":{"type":"trend","contains":"time","values":{"min":0.899112,"med":26.7569045,"max":796.080222,"p(90)":123.67678300000006,"p(95)":197.20709429999994,"avg":56.20434232078707}},"http_req_sending":{"type":"trend","contains":"time","values":{"max":27.520895,"p(90)":0.0285,"p(95)":0.0364,"avg":0.016853027819493088,"min":0.0031,"med":0.0075}},"http_req_waiting":{"type":"trend","contains":"time","values":{"avg":54.742685541217426,"min":0.850712,"med":25.929420999999998,"max":784.815154,"p(90)":119.96858050000021,"p(95)":193.48812584999996}}}}