{"root_group":{"name":"","path":"","id":"d41d8cd98f00b204e9800998ecf8427e","groups":[],"checks":[{"fails":0,"name":"status was 200","path":"::status was 200","id":"1461660757a913d4fb82ac4c5e1009de","passes":329124}]},"options":{"summaryTrendStats":["avg","min","med","max","p(90)","p(95)"],"summaryTimeUnit":"","noColor":false},"state":{"isStdOutTTY":true,"isStdErrTTY":true,"testRunDurationMs":150075.091605},"metrics":{"response_time_api_v1_products_1":{"values":{"avg":19.471570612352746,"min":0.792717,"med":5.7651330000000005,"max":387.109523,"p(90)":67.0085852,"p(95)":82.43987685},"type":"trend","contains":"default"},"http_req_duration":{"type":"trend","contains":"time","values":{"max":476.129663,"p(90)":74.25239990000001,"p(95)":90.7450245,"avg":22.64723711616548,"min":0.666003,"med":6.8289740000000005}},"http_req_waiting":{"contains":"time","values":{"med":6.51333,"max":392.804673,"p(90)":73.07460080000003,"p(95)":88.8399458,"avg":21.81059460923212,"min":0.621406},"type":"trend"},"response_time_api_v1_products_1_reviews":{"type":"trend","contains":"default","values":{"avg":25.25483816498318,"min":1.148318,"med":7.593576499999999,"max":391.466775,"p(90)":81.70981940000003,"p(95)":96.38258425}},"vus_max":{"type":"gauge","contains":"default","values":{"value":50,"min":50,"max":50}},"response_time_productpage":{"values":{"max":476.129663,"p(90)":100.07683660000005,"p(95)":121.49617789999996,"avg":36.82079524864211,"min":2.325708,"med":12.473382},"type":"trend","contains":"default"},"http_req_tls_handshaking":{"values":{"avg":0,"min":0,"med":0,"max":0,"p(90)":0,"p(95)":0},"type":"trend","contains":"time"},"checks":{"type":"rate","contains":"default","values":{"passes":329124,"fails":0,"rate":1}},"response_time_":{"values":{"p(90)":59.808669,"p(95)":74.55014475,"avg":15.04748220880888,"min":0.666003,"med":4.519022,"max":284.207509},"type":"trend","contains":"default"},"vus":{"type":"gauge","contains":"default","values":{"max":50,"value":50,"min":50}},"http_req_duration{expected_response:true}":{"type":"trend","contains":"time","values":{"p(95)":90.7450245,"avg":22.64723711616548,"min":0.666003,"med":6.8289740000000005,"max":476.129663,"p(90)":74.25239990000001}},"http_req_sending":{"type":"trend","contains":"time","values":{"avg":0.01877482181184665,"min":0.0032,"med":0.0077,"max":18.05799,"p(90)":0.032501700000000015,"p(95)":0.037401}},"http_req_connecting":{"type":"trend","contains":"time","values":{"avg":0.000059789608171995986,"min":0,"med":0,"max":2.165899,"p(90)":0,"p(95)":0}},"response_time_api_v1_products":{"type":"trend","contains":"default","values":{"min":1.008917,"med":6.0955265,"max":289.452014,"p(90)":71.14029620000002,"p(95)":83.1830502,"avg":20.490705268822737}},"iterations":{"type":"counter","contains":"default","values":{"count":54854,"rate":365.5103549386902}},"http_req_blocked":{"type":"trend","contains":"time","values":{"max":16.342597,"p(90)":0.0117,"p(95)":0.0135,"avg":0.005207142979547598,"min":0.0011,"med":0.002801}},"data_received":{"type":"counter","contains":"data","values":{"count":4263252880,"rate":28407464.785835}},"response_time_api_v1_products_1_ratings":{"type":"trend","contains":"default","values":{"avg":18.79803119338611,"min":0.759503,"med":5.531855,"max":301.564422,"p(90)":69.77919810000003,"p(95)":84.08437345}},"http_req_failed":{"type":"rate","contains":"default","values":{"rate":0,"passes":0,"fails":329124}},"data_sent":{"type":"counter","contains":"data","values":{"count":29785722,"rate":198472.12273170878}},"iteration_duration":{"type":"trend","contains":"time","values":{"min":15.308824,"med":91.28524949999999,"max":783.913984,"p(90)":324.93587470000006,"p(95)":402.072348,"avg":136.7194787397268}},"http_reqs":{"type":"counter","contains":"default","values":{"count":329124,"rate":2193.062129632141}},"http_req_receiving":{"contains":"time","values":{"min":0.0095,"med":0.035201,"max":274.152924,"p(90)":1.1887194,"p(95)":2.4882745499999936,"avg":0.8178676851217289},"type":"trend"}}}