{"metrics":{"response_time_api_v1_products_1_reviews":{"type":"trend","contains":"default","values":{"p(90)":120.97601800000001,"p(95)":201.1950015,"avg":59.01225819050453,"min":2.132531,"med":32.093328,"max":744.612662}},"vus":{"type":"gauge","contains":"default","values":{"value":200,"min":200,"max":200}},"http_req_failed":{"type":"rate","contains":"default","values":{"rate":0,"passes":0,"fails":501876}},"vus_max":{"type":"gauge","contains":"default","values":{"value":200,"min":200,"max":200}},"http_req_duration":{"type":"trend","contains":"time","values":{"med":39.333673000000005,"max":824.70162,"p(90)":108.75008600000001,"p(95)":191.81170375000002,"avg":59.70484483795766,"min":1.012115}},"http_req_duration{expected_response:true}":{"type":"trend","contains":"time","values":{"med":39.333673000000005,"max":824.70162,"p(90)":108.75008600000001,"p(95)":191.81170375000002,"avg":59.70484483795766,"min":1.012115}},"iteration_duration":{"type":"trend","contains":"time","values":{"min":99.30664,"med":288.062823,"max":1219.956623,"p(90)":623.5684105,"p(95)":759.41472525,"avg":358.8580489923364}},"http_req_blocked":{"type":"trend","contains":"time","values":{"avg":0.0038970982154981565,"min":0.001,"med":0.0026,"max":11.161167,"p(90)":0.0051,"p(95)":0.0097}},"http_req_receiving":{"type":"trend","contains":"time","values":{"p(95)":5.508316000000001,"avg":1.3217025758932248,"min":-0.222619,"med":0.031401,"max":383.979616,"p(90)":2.3257335}},"response_time_api_v1_products_1":{"type":"trend","contains":"default","values":{"avg":53.65553887879786,"min":1.258718,"med":38.7352635,"max":509.084646,"p(90)":95.04353549999999,"p(95)":174.250298}},"response_time_api_v1_products_1_ratings":{"type":"trend","contains":"default","values":{"max":519.184194,"p(90)":98.670324,"p(95)":171.5967365,"avg":54.15840669356591,"min":1.33592,"med":39.6289775}},"http_req_connecting":{"type":"trend","contains":"time","values":{"avg":0.00008214521913779501,"min":0,"med":0,"max":1.885828,"p(90)":0,"p(95)":0}},"response_time_api_v1_products":{"type":"trend","contains":"default","values":{"max":470.122976,"p(90)":89.432498,"p(95)":150.487436,"avg":52.26495606753443,"min":1.698725,"med":41.260099999999994}},"data_received":{"type":"counter","contains":"data","values":{"count":6500967120,"rate":43263593.916841835}},"http_reqs":{"type":"counter","contains":"default","values":{"count":501876,"rate":3339.9583569358083}},"http_req_sending":{"type":"trend","contains":"time","values":{"avg":0.014413612370394437,"min":-0.475496,"med":0.0072,"max":23.689347,"p(90)":0.0174,"p(95)":0.0324}},"response_time_":{"type":"trend","contains":"default","values":{"max":497.172942,"p(90)":87.12432050000001,"p(95)":120.21278925,"avg":44.916598690194256,"min":1.012115,"med":28.532758}},"http_req_tls_handshaking":{"type":"trend","contains":"time","values":{"p(95)":0,"avg":0,"min":0,"med":0,"max":0,"p(90)":0}},"http_req_waiting":{"type":"trend","contains":"time","values":{"avg":58.36872864969707,"min":0.975915,"med":38.1747955,"max":761.812011,"p(90)":106.05855700000001,"p(95)":189.70103749999998}},"iterations":{"type":"counter","contains":"default","values":{"count":83646,"rate":556.659726155968}},"data_sent":{"contains":"data","values":{"count":45419778,"rate":302266.23130269063},"type":"counter"},"checks":{"type":"rate","contains":"default","values":{"fails":0,"rate":1,"passes":501876}},"response_time_productpage":{"type":"trend","contains":"default","values":{"min":4.247314,"med":64.143917,"max":824.70162,"p(90)":227.966974,"p(95)":313.754149,"avg":94.2213105071492}}},"root_group":{"name":"","path":"","id":"d41d8cd98f00b204e9800998ecf8427e","groups":[],"checks":[{"name":"status was 200","path":"::status was 200","id":"1461660757a913d4fb82ac4c5e1009de","passes":501876,"fails":0}]},"options":{"summaryTrendStats":["avg","min","med","max","p(90)","p(95)"],"summaryTimeUnit":"","noColor":false},"state":{"isStdErrTTY":true,"testRunDurationMs":150264.14894,"isStdOutTTY":true}}