{"options":{"summaryTrendStats":["avg","min","med","max","p(90)","p(95)"],"summaryTimeUnit":"","noColor":false},"state":{"isStdOutTTY":true,"isStdErrTTY":true,"testRunDurationMs":150288.696841},"metrics":{"response_time_api_v1_products_1":{"type":"trend","contains":"default","values":{"max":512.846872,"p(90)":96.36935880000001,"p(95)":156.11048469999992,"avg":48.00457764186622,"min":1.05712,"med":28.2716405}},"http_req_failed":{"values":{"rate":0,"passes":0,"fails":412572},"type":"rate","contains":"default"},"http_reqs":{"type":"counter","contains":"default","values":{"count":412572,"rate":2745.196469675203}},"http_req_connecting":{"type":"trend","contains":"time","values":{"min":0,"med":0,"max":3.452605,"p(90)":0,"p(95)":0,"avg":0.00015152384553483996}},"http_req_sending":{"type":"trend","contains":"time","values":{"max":26.866668,"p(90)":0.027294,"p(95)":0.035601,"avg":0.01739133546630201,"min":0.0031,"med":0.0075}},"response_time_api_v1_products_1_reviews":{"type":"trend","contains":"default","values":{"p(95)":215.69059524999997,"avg":62.9288540791129,"min":2.900653,"med":28.6918505,"max":684.516809,"p(90)":178.8640393}},"vus":{"type":"gauge","contains":"default","values":{"value":150,"min":150,"max":150}},"data_sent":{"type":"counter","contains":"data","values":{"count":37337766,"rate":248440.28050560586}},"vus_max":{"type":"gauge","contains":"default","values":{"value":150,"min":150,"max":150}},"response_time_productpage":{"type":"trend","contains":"default","values":{"p(90)":263.81850080000004,"p(95)":314.69069709999997,"avg":92.09988659646224,"min":5.747723,"med":57.833627,"max":688.429816}},"http_req_waiting":{"type":"trend","contains":"time","values":{"max":685.980045,"p(90)":109.79777550000001,"p(95)":189.10682499999982,"avg":53.126176265352015,"min":0.752719,"med":25.6561485}},"http_req_duration":{"type":"trend","contains":"time","values":{"p(95)":192.67753124999993,"avg":54.496908198967546,"min":0.79302,"med":26.4185795,"max":688.429816,"p(90)":111.9084788000001}},"checks":{"contains":"default","values":{"rate":1,"passes":412572,"fails":0},"type":"rate"},"response_time_":{"type":"trend","contains":"default","values":{"min":0.79302,"med":20.269853,"max":514.050895,"p(90)":85.1723657,"p(95)":103.02684709999998,"avg":39.05413388002105}},"response_time_api_v1_products_1_ratings":{"type":"trend","contains":"default","values":{"avg":43.7088400912279,"min":1.219001,"med":20.688822000000002,"max":501.915271,"p(90)":98.86577630000001,"p(95)":165.68578809999997}},"data_received":{"type":"counter","contains":"data","values":{"count":5344182640,"rate":35559444.9371928}},"http_req_tls_handshaking":{"type":"trend","contains":"time","values":{"p(95)":0,"avg":0,"min":0,"med":0,"max":0,"p(90)":0}},"http_req_receiving":{"type":"trend","contains":"time","values":{"med":0.0336,"max":397.996884,"p(90)":1.9940632000000003,"p(95)":4.5962071999999905,"avg":1.35334059815253,"min":-0.523733}},"response_time_api_v1_products":{"type":"trend","contains":"default","values":{"p(90)":87.1961091,"p(95)":110.00974399999994,"avg":41.1851569051221,"min":1.267431,"med":22.701441,"max":517.931329}},"http_req_duration{expected_response:true}":{"type":"trend","contains":"time","values":{"p(90)":111.9084788000001,"p(95)":192.67753124999993,"avg":54.496908198967546,"min":0.79302,"med":26.4185795,"max":688.429816}},"iterations":{"values":{"count":68762,"rate":457.53274494586714},"type":"counter","contains":"default"},"http_req_blocked":{"type":"trend","contains":"time","values":{"avg":0.004550824164026749,"min":0.001,"med":0.0027,"max":13.785129,"p(90)":0.008201,"p(95)":0.0123}},"iteration_duration":{"type":"trend","contains":"time","values":{"avg":327.701252982853,"min":63.897477,"med":237.1678845,"max":1265.967033,"p(90)":601.0892811,"p(95)":696.1802759999999}}},"root_group":{"name":"","path":"","id":"d41d8cd98f00b204e9800998ecf8427e","groups":[],"checks":[{"name":"status was 200","path":"::status was 200","id":"1461660757a913d4fb82ac4c5e1009de","passes":412572,"fails":0}]}}