{"root_group":{"name":"","path":"","id":"d41d8cd98f00b204e9800998ecf8427e","groups":[],"checks":[{"fails":0,"name":"status was 200","path":"::status was 200","id":"1461660757a913d4fb82ac4c5e1009de","passes":355578}]},"options":{"summaryTrendStats":["avg","min","med","max","p(90)","p(95)"],"summaryTimeUnit":"","noColor":false},"state":{"isStdOutTTY":true,"isStdErrTTY":true,"testRunDurationMs":150033.653861},"metrics":{"http_req_tls_handshaking":{"values":{"avg":0,"min":0,"med":0,"max":0,"p(90)":0,"p(95)":0},"type":"trend","contains":"time"},"http_req_duration{expected_response:true}":{"type":"trend","contains":"time","values":{"avg":42.05289807983874,"min":0.722998,"med":15.251641,"max":551.87321,"p(90)":99.8923653,"p(95)":162.16404574999996}},"http_req_receiving":{"type":"trend","contains":"time","values":{"p(95)":3.3736725499999958,"avg":1.1611295819903864,"min":0.0093,"med":0.035601,"max":296.926854,"p(90)":1.4878766999999986}},"http_req_blocked":{"contains":"time","values":{"avg":0.005359740166716169,"min":0.0011,"med":0.0028,"max":11.790567,"p(90)":0.011001,"p(95)":0.0134},"type":"trend"},"vus_max":{"type":"gauge","contains":"default","values":{"value":100,"min":100,"max":100}},"response_time_api_v1_products_1":{"type":"trend","contains":"default","values":{"avg":35.963121862089466,"min":0.867043,"med":13.197689,"max":388.722593,"p(90)":91.749061,"p(95)":108.5182942}},"response_time_api_v1_products_1_reviews":{"type":"trend","contains":"default","values":{"p(90)":120.08898340000002,"p(95)":185.20809609999998,"avg":50.18474192968632,"min":1.261506,"med":17.796749,"max":505.037642}},"data_sent":{"type":"counter","contains":"data","values":{"count":32179809,"rate":214483.9385822948}},"http_req_sending":{"type":"trend","contains":"time","values":{"avg":0.018732784047389876,"min":0.0033,"med":0.007601,"max":22.500537,"p(90)":0.031901,"p(95)":0.0378}},"response_time_api_v1_products_1_ratings":{"contains":"default","values":{"max":502.157752,"p(90)":94.7917832,"p(95)":113.2309768,"avg":36.467633102526015,"min":1.021821,"med":13.084065},"type":"trend"},"http_req_duration":{"values":{"p(95)":162.16404574999996,"avg":42.05289807983874,"min":0.722998,"med":15.251641,"max":551.87321,"p(90)":99.8923653},"type":"trend","contains":"time"},"response_time_":{"type":"trend","contains":"default","values":{"avg":28.702933415503473,"min":0.722998,"med":10.552731,"max":377.014026,"p(90)":82.55525240000001,"p(95)":98.2844696}},"http_req_failed":{"type":"rate","contains":"default","values":{"rate":0,"passes":0,"fails":355578}},"data_received":{"type":"counter","contains":"data","values":{"count":4605920360,"rate":30699248.078482416}},"http_req_connecting":{"type":"trend","contains":"time","values":{"avg":0.0001736733093723458,"min":0,"med":0,"max":2.058804,"p(90)":0,"p(95)":0}},"http_req_waiting":{"type":"trend","contains":"time","values":{"avg":40.87303571380004,"min":0.699998,"med":14.704339000000001,"max":504.96344,"p(90)":98.6022976,"p(95)":151.1338427499999}},"vus":{"type":"gauge","contains":"default","values":{"max":100,"value":100,"min":100}},"iteration_duration":{"values":{"avg":253.13401474273743,"min":31.458461,"med":181.590886,"max":1199.538325,"p(90)":510.8955712000003,"p(95)":646.8384968999961},"type":"trend","contains":"time"},"iterations":{"type":"counter","contains":"default","values":{"count":59263,"rate":394.9980452712611}},"response_time_api_v1_products":{"type":"trend","contains":"default","values":{"max":394.372371,"p(90)":86.7222186,"p(95)":102.27949550000001,"avg":33.4972758399003,"min":1.054154,"med":13.330872}},"checks":{"type":"rate","contains":"default","values":{"rate":1,"passes":355578,"fails":0}},"response_time_productpage":{"type":"trend","contains":"default","values":{"p(95)":227.05688149999995,"avg":67.50168232932903,"min":3.364815,"med":26.440385,"max":551.87321,"p(90)":190.53827180000005}},"http_reqs":{"type":"counter","contains":"default","values":{"count":355578,"rate":2369.9882716275665}}}}