{"root_group":{"groups":[],"checks":[{"name":"status was 200","path":"::status was 200","id":"1461660757a913d4fb82ac4c5e1009de","passes":332082,"fails":0}],"name":"","path":"","id":"d41d8cd98f00b204e9800998ecf8427e"},"options":{"summaryTrendStats":["avg","min","med","max","p(90)","p(95)"],"summaryTimeUnit":"","noColor":false},"state":{"isStdOutTTY":true,"isStdErrTTY":true,"testRunDurationMs":150250.51476},"metrics":{"http_req_waiting":{"type":"trend","contains":"time","values":{"avg":21.657394155311128,"min":0.551804,"med":6.6390519999999995,"max":299.500551,"p(90)":72.7170059,"p(95)":88.45119360000001}},"response_time_productpage":{"type":"trend","contains":"default","values":{"avg":36.164691141434794,"min":2.152316,"med":12.449243,"max":378.717859,"p(90)":98.89446579999999,"p(95)":119.3771759}},"response_time_api_v1_products_1":{"type":"trend","contains":"default","values":{"avg":18.812997448299033,"min":0.7216,"med":5.738604,"max":289.54918,"p(90)":66.1624752,"p(95)":81.88785439999998}},"response_time_api_v1_products_1_ratings":{"type":"trend","contains":"default","values":{"p(90)":71.48606700000002,"p(95)":84.67864179999998,"avg":20.1163096355176,"min":0.827001,"med":5.941765,"max":299.614351}},"data_received":{"type":"counter","contains":"data","values":{"count":4301568840,"rate":28629311.832116086}},"http_req_receiving":{"type":"trend","contains":"time","values":{"min":0.0091,"med":0.035199,"max":180.399208,"p(90)":1.144492800000002,"p(95)":2.3764041000000007,"avg":0.7897030033365475}},"http_req_tls_handshaking":{"contains":"time","values":{"min":0,"med":0,"max":0,"p(90)":0,"p(95)":0,"avg":0},"type":"trend"},"checks":{"type":"rate","contains":"default","values":{"rate":1,"passes":332082,"fails":0}},"response_time_api_v1_products":{"type":"trend","contains":"default","values":{"avg":20.007863622815904,"min":0.991103,"med":5.950866,"max":202.908445,"p(90)":70.15060920000002,"p(95)":82.8121629}},"http_req_duration{expected_response:true}":{"values":{"max":378.717859,"p(90)":73.86853410000002,"p(95)":90.2051874,"avg":22.46511816780186,"min":0.575904,"med":6.9685369999999995},"type":"trend","contains":"time"},"http_req_sending":{"type":"trend","contains":"time","values":{"min":0.0033,"med":0.0077,"max":18.587888,"p(90)":0.032501,"p(95)":0.037601,"avg":0.018021009154372623}},"vus":{"values":{"value":50,"min":50,"max":50},"type":"gauge","contains":"default"},"http_req_blocked":{"type":"trend","contains":"time","values":{"avg":0.005138100047581007,"min":0.0011,"med":0.0028,"max":9.419494,"p(90)":0.0117,"p(95)":0.0137}},"http_req_failed":{"type":"rate","contains":"default","values":{"rate":0,"passes":0,"fails":332082}},"iterations":{"contains":"default","values":{"count":55347,"rate":368.36479454601243},"type":"counter"},"data_sent":{"type":"counter","contains":"data","values":{"count":30053421,"rate":200022.08343848473}},"response_time_":{"type":"trend","contains":"default","values":{"max":195.92021,"p(90)":59.13300820000002,"p(95)":73.74054829999999,"avg":14.815450224745566,"min":0.575904,"med":4.509094}},"response_time_api_v1_products_1_reviews":{"type":"trend","contains":"default","values":{"avg":24.873396933998457,"min":1.246312,"med":7.771424,"max":299.229458,"p(90)":80.5376156,"p(95)":95.3427438}},"http_req_duration":{"contains":"time","values":{"max":378.717859,"p(90)":73.86853410000002,"p(95)":90.2051874,"avg":22.46511816780186,"min":0.575904,"med":6.9685369999999995},"type":"trend"},"iteration_duration":{"type":"trend","contains":"time","values":{"p(90)":320.11547700000006,"p(95)":399.18679529999997,"avg":135.6226643957027,"min":17.581613,"med":91.154101,"max":785.214686}},"http_req_connecting":{"type":"trend","contains":"time","values":{"avg":0.000023291635800796188,"min":0,"med":0,"max":0.474727,"p(90)":0,"p(95)":0}},"vus_max":{"type":"gauge","contains":"default","values":{"value":50,"min":50,"max":50}},"http_reqs":{"contains":"default","values":{"count":332082,"rate":2210.1887672760745},"type":"counter"}}}