{"options":{"summaryTrendStats":["avg","min","med","max","p(90)","p(95)"],"summaryTimeUnit":"","noColor":false},"state":{"isStdOutTTY":true,"isStdErrTTY":true,"testRunDurationMs":150605.704287},"metrics":{"http_req_receiving":{"contains":"time","values":{"p(90)":2.4665310999999988,"p(95)":6.470288099999998,"avg":1.8103703813684227,"min":-0.196195,"med":0.0366,"max":412.784242},"type":"trend"},"http_req_failed":{"type":"rate","contains":"default","values":{"rate":0,"passes":0,"fails":384198}},"http_req_waiting":{"type":"trend","contains":"time","values":{"med":51.010073500000004,"max":902.471837,"p(90)":187.1208417,"p(95)":254.4312119,"avg":76.27583693837865,"min":0.820309}},"http_req_tls_handshaking":{"contains":"time","values":{"max":0,"p(90)":0,"p(95)":0,"avg":0,"min":0,"med":0},"type":"trend"},"response_time_":{"type":"trend","contains":"default","values":{"avg":57.75629426653357,"min":0.849809,"med":34.662922,"max":602.991365,"p(90)":128.09017820000003,"p(95)":186.9956113999999}},"response_time_productpage":{"type":"trend","contains":"default","values":{"p(90)":313.32349880000004,"p(95)":406.7300395999999,"avg":123.35265888709012,"min":6.090676,"med":75.963971,"max":969.974398}},"response_time_api_v1_products":{"type":"trend","contains":"default","values":{"p(95)":189.8913478,"avg":63.546963679618585,"min":1.664226,"med":48.358151,"max":674.479337,"p(90)":150.5640286}},"response_time_api_v1_products_1_ratings":{"type":"trend","contains":"default","values":{"p(90)":180.7892772,"p(95)":211.1009446,"avg":73.62451829014796,"min":1.488318,"med":56.19849,"max":776.414693}},"data_received":{"type":"counter","contains":"data","values":{"rate":33044198.316129614,"count":4976644760}},"http_req_connecting":{"type":"trend","contains":"time","values":{"med":0,"max":3.86238,"p(90)":0,"p(95)":0,"avg":0.0005829861711929789,"min":0}},"http_req_sending":{"values":{"p(95)":0.0372,"avg":0.01765583038694374,"min":0.0031,"med":0.0076,"max":20.883691,"p(90)":0.029803},"type":"trend","contains":"time"},"iterations":{"type":"counter","contains":"default","values":{"count":64033,"rate":425.1698187870511}},"http_req_duration{expected_response:true}":{"type":"trend","contains":"time","values":{"p(95)":264.0808635999988,"avg":78.10386315013093,"min":0.849809,"med":51.5863925,"max":969.974398,"p(90)":189.3756876}},"data_sent":{"contains":"data","values":{"count":34769919,"rate":230867.21160136876},"type":"counter"},"http_req_blocked":{"type":"trend","contains":"time","values":{"p(95)":0.0129,"avg":0.006044968081565485,"min":0.0011,"med":0.0028,"max":13.970727,"p(90)":0.0095}},"response_time_api_v1_products_1":{"type":"trend","contains":"default","values":{"med":51.66873,"max":786.286883,"p(90)":178.13887400000004,"p(95)":210.17055659999988,"avg":71.58097166734315,"min":1.328812}},"response_time_api_v1_products_1_reviews":{"type":"trend","contains":"default","values":{"p(90)":199.09187740000004,"p(95)":274.48604639999996,"avg":78.76177211005391,"min":2.186042,"med":39.450714,"max":768.714345}},"vus":{"contains":"default","values":{"value":200,"min":200,"max":200},"type":"gauge"},"http_reqs":{"values":{"count":384198,"rate":2551.0189127223066},"type":"counter","contains":"default"},"http_req_duration":{"type":"trend","contains":"time","values":{"p(95)":264.0808635999988,"avg":78.10386315013093,"min":0.849809,"med":51.5863925,"max":969.974398,"p(90)":189.3756876}},"iteration_duration":{"type":"trend","contains":"time","values":{"avg":469.3843011170443,"min":120.945626,"med":417.815434,"max":1691.833866,"p(90)":789.1892594,"p(95)":886.3682613999989}},"vus_max":{"type":"gauge","contains":"default","values":{"value":200,"min":200,"max":200}},"checks":{"values":{"rate":1,"passes":384198,"fails":0},"type":"rate","contains":"default"}},"root_group":{"path":"","id":"d41d8cd98f00b204e9800998ecf8427e","groups":[],"checks":[{"name":"status was 200","path":"::status was 200","id":"1461660757a913d4fb82ac4c5e1009de","passes":384198,"fails":0}],"name":""}}