{"root_group":{"groups":[],"checks":[{"fails":0,"name":"status was 200","path":"::status was 200","id":"1461660757a913d4fb82ac4c5e1009de","passes":439896}],"name":"","path":"","id":"d41d8cd98f00b204e9800998ecf8427e"},"options":{"summaryTrendStats":["avg","min","med","max","p(90)","p(95)"],"summaryTimeUnit":"","noColor":false},"state":{"isStdOutTTY":true,"isStdErrTTY":true,"testRunDurationMs":150154.040267},"metrics":{"checks":{"type":"rate","contains":"default","values":{"rate":1,"passes":439896,"fails":0}},"response_time_":{"type":"trend","contains":"default","values":{"min":0.788106,"med":19.4379375,"max":480.516381,"p(90)":83.065595,"p(95)":101.7201445,"avg":38.19696663825096}},"response_time_api_v1_products_1":{"type":"trend","contains":"default","values":{"p(95)":150.45818775,"avg":46.60846786030314,"min":1.047907,"med":25.3969855,"max":495.767878,"p(90)":91.993567}},"http_reqs":{"type":"counter","contains":"default","values":{"count":439896,"rate":2929.631458586052}},"http_req_duration{expected_response:true}":{"type":"trend","contains":"time","values":{"avg":51.05972234878931,"min":0.788106,"med":25.348823000000003,"max":811.525996,"p(90)":100.889979,"p(95)":182.0923415}},"response_time_api_v1_products":{"type":"trend","contains":"default","values":{"max":487.865426,"p(90)":84.488864,"p(95)":110.33862125,"avg":41.036627093936175,"min":1.43691,"med":22.219545500000002}},"iterations":{"type":"counter","contains":"default","values":{"count":73316,"rate":488.271909764342}},"http_req_blocked":{"type":"trend","contains":"time","values":{"avg":0.004886218563026663,"min":0.001,"med":0.0027,"max":11.731067,"p(90)":0.0066,"p(95)":0.0115}},"response_time_api_v1_products_1_ratings":{"values":{"max":499.115901,"p(90)":93.79071400000001,"p(95)":156.54795275,"avg":43.02531709790518,"min":1.089008,"med":20.8803805},"type":"trend","contains":"default"},"iteration_duration":{"type":"trend","contains":"time","values":{"p(90)":577.071733,"p(95)":658.136632,"avg":307.035651747954,"min":40.95896,"med":221.041878,"max":1301.930729}},"response_time_api_v1_products_1_reviews":{"values":{"avg":54.43987308073274,"min":1.910713,"med":25.893815,"max":680.556057,"p(90)":125.1767625,"p(95)":195.4338615},"type":"trend","contains":"default"},"http_req_connecting":{"values":{"p(95)":0,"avg":0.000785153518104279,"min":0,"med":0,"max":3.678223,"p(90)":0},"type":"trend","contains":"time"},"http_req_waiting":{"type":"trend","contains":"time","values":{"p(95)":178.87487675,"avg":49.79418468427476,"min":0.762105,"med":24.549156,"max":795.005189,"p(90)":99.243829}},"http_req_sending":{"type":"trend","contains":"time","values":{"p(95)":0.034001,"avg":0.016416416139277586,"min":0.0031,"med":0.0072,"max":20.718543,"p(90)":0.022501}},"data_received":{"contains":"data","values":{"rate":37948492.826884665,"count":5698119520},"type":"counter"},"vus_max":{"type":"gauge","contains":"default","values":{"value":150,"min":150,"max":150}},"http_req_duration":{"values":{"max":811.525996,"p(90)":100.889979,"p(95)":182.0923415,"avg":51.05972234878931,"min":0.788106,"med":25.348823000000003},"type":"trend","contains":"time"},"http_req_tls_handshaking":{"type":"trend","contains":"time","values":{"avg":0,"min":0,"med":0,"max":0,"p(90)":0,"p(95)":0}},"http_req_failed":{"contains":"default","values":{"rate":0,"passes":0,"fails":439896},"type":"rate"},"response_time_productpage":{"contains":"default","values":{"avg":83.05108232160792,"min":3.738825,"med":50.77739,"max":811.525996,"p(90)":208.06833,"p(95)":301.76221325},"type":"trend"},"vus":{"type":"gauge","contains":"default","values":{"value":150,"min":150,"max":150}},"http_req_receiving":{"type":"trend","contains":"time","values":{"med":0.0318,"max":312.750985,"p(90)":1.7782654999999998,"p(95)":4.40905175,"avg":1.2491212483768364,"min":0.009}},"data_sent":{"values":{"count":39810588,"rate":265131.64700203773},"type":"counter","contains":"data"}}}