{"root_group":{"groups":[],"checks":[{"name":"status was 200","path":"::status was 200","id":"1461660757a913d4fb82ac4c5e1009de","passes":435780,"fails":0}],"name":"","path":"","id":"d41d8cd98f00b204e9800998ecf8427e"},"options":{"summaryTrendStats":["avg","min","med","max","p(90)","p(95)"],"summaryTimeUnit":"","noColor":false},"state":{"testRunDurationMs":150378.981668,"isStdOutTTY":true,"isStdErrTTY":true},"metrics":{"response_time_api_v1_products_1":{"type":"trend","contains":"default","values":{"avg":63.72383488361491,"min":1.279622,"med":47.44847,"max":684.849175,"p(90)":158.940135,"p(95)":192.65272625000006}},"response_time_":{"type":"trend","contains":"default","values":{"avg":50.726521626862514,"min":1.121118,"med":29.965982500000003,"max":601.089781,"p(90)":101.11157479999997,"p(95)":172.86514125000014}},"iterations":{"contains":"default","values":{"count":72630,"rate":482.979730241486},"type":"counter"},"iteration_duration":{"type":"trend","contains":"time","values":{"avg":413.71574858817576,"min":117.758055,"med":361.7400085,"max":1660.477834,"p(90)":698.0158248999999,"p(95)":795.3078083}},"http_req_sending":{"type":"trend","contains":"time","values":{"med":0.0074,"max":21.830492,"p(90)":0.024701,"p(95)":0.035001,"avg":0.015534596417925033,"min":0.0032}},"response_time_api_v1_products":{"type":"trend","contains":"default","values":{"max":655.899896,"p(90)":104.6232186,"p(95)":175.9442035,"avg":57.91233004535318,"min":1.756395,"med":44.411258000000004}},"response_time_api_v1_products_1_ratings":{"type":"trend","contains":"default","values":{"p(90)":158.82813609999997,"p(95)":192.4281553500001,"avg":64.1476984865613,"min":1.664671,"med":51.007074,"max":797.21518}},"http_req_duration{expected_response:true}":{"values":{"avg":68.83745858907724,"min":1.121118,"med":45.7615435,"max":894.410742,"p(90)":167.7950307,"p(95)":211.9815489},"type":"trend","contains":"time"},"response_time_api_v1_products_1_reviews":{"type":"trend","contains":"default","values":{"avg":68.51710262655985,"min":1.960929,"med":36.0391755,"max":766.99556,"p(90)":177.53098279999995,"p(95)":233.52879950000002}},"http_req_duration":{"type":"trend","contains":"time","values":{"p(95)":211.9815489,"avg":68.83745858907724,"min":1.121118,"med":45.7615435,"max":894.410742,"p(90)":167.7950307}},"data_received":{"type":"counter","contains":"data","values":{"count":5644803600,"rate":37537184.634368286}},"vus":{"type":"gauge","contains":"default","values":{"max":200,"value":200,"min":200}},"http_req_blocked":{"type":"trend","contains":"time","values":{"avg":0.00418771465648031,"min":0.001,"med":0.0027,"max":17.223289,"p(90)":0.0069,"p(95)":0.0117}},"http_req_failed":{"type":"rate","contains":"default","values":{"rate":0,"passes":0,"fails":435780}},"data_sent":{"type":"counter","contains":"data","values":{"count":39438090,"rate":262257.99352112686}},"http_req_connecting":{"type":"trend","contains":"time","values":{"med":0,"max":1.035919,"p(90)":0,"p(95)":0,"avg":0.00005098352150167518,"min":0}},"http_req_receiving":{"values":{"min":0.0088,"med":0.0337,"max":638.40658,"p(90)":2.4301457000000033,"p(95)":6.118951849999986,"avg":1.587800784976392},"type":"trend","contains":"time"},"http_req_tls_handshaking":{"type":"trend","contains":"time","values":{"avg":0,"min":0,"med":0,"max":0,"p(90)":0,"p(95)":0}},"http_reqs":{"type":"counter","contains":"default","values":{"count":435780,"rate":2897.8783814489157}},"response_time_productpage":{"contains":"default","values":{"avg":107.99726386552386,"min":3.59054,"med":72.2389135,"max":894.410742,"p(90)":282.3487624,"p(95)":374.9192855500001},"type":"trend"},"vus_max":{"type":"gauge","contains":"default","values":{"value":200,"min":200,"max":200}},"http_req_waiting":{"type":"trend","contains":"time","values":{"avg":67.23412320768414,"min":1.092917,"med":44.6729565,"max":852.403412,"p(90)":165.43047760000002,"p(95)":207.47754634999998}},"checks":{"type":"rate","contains":"default","values":{"passes":435780,"fails":0,"rate":1}}}}