{"state":{"isStdOutTTY":true,"isStdErrTTY":true,"testRunDurationMs":150167.898431},"metrics":{"data_sent":{"type":"counter","contains":"data","values":{"count":33763740,"rate":224839.93152180893}},"http_req_failed":{"type":"rate","contains":"default","values":{"rate":0,"passes":0,"fails":373080}},"http_req_tls_handshaking":{"values":{"p(95)":0,"avg":0,"min":0,"med":0,"max":0,"p(90)":0},"type":"trend","contains":"time"},"http_req_blocked":{"contains":"time","values":{"min":0.001,"med":0.0028,"max":10.159937,"p(90)":0.009700100000000034,"p(95)":0.0129,"avg":0.0050607278733803334},"type":"trend"},"iteration_duration":{"type":"trend","contains":"time","values":{"p(95)":602.574022,"avg":241.33854265781375,"min":28.119901,"med":177.3059735,"max":1100.628881,"p(90)":493.9687392999999}},"http_req_connecting":{"type":"trend","contains":"time","values":{"med":0,"max":2.71054,"p(90)":0,"p(95)":0,"avg":0.00034930873807226313,"min":0}},"http_reqs":{"type":"counter","contains":"default","values":{"count":373080,"rate":2484.419132837668}},"response_time_api_v1_products_1_reviews":{"type":"trend","contains":"default","values":{"max":477.974949,"p(90)":104.43190759999997,"p(95)":171.71564379999998,"avg":45.123991408893716,"min":1.451219,"med":16.3521735}},"checks":{"type":"rate","contains":"default","values":{"rate":1,"passes":373080,"fails":0}},"http_req_sending":{"type":"trend","contains":"time","values":{"max":20.152559,"p(90)":0.0299,"p(95)":0.036599,"avg":0.017806382891076975,"min":0.0031,"med":0.0076}},"response_time_":{"type":"trend","contains":"default","values":{"avg":27.86144758375672,"min":0.713296,"med":10.422014,"max":297.57809,"p(90)":81.52118419999996,"p(95)":96.843217}},"iterations":{"type":"counter","contains":"default","values":{"count":62180,"rate":414.06985547294465}},"response_time_api_v1_products":{"type":"trend","contains":"default","values":{"max":397.566662,"p(90)":84.7116524,"p(95)":101.3289425,"avg":33.40773710212286,"min":1.170101,"med":13.357028}},"http_req_receiving":{"contains":"time","values":{"p(95)":3.299355849999998,"avg":1.086397784804862,"min":0.0091,"med":0.0343,"max":286.693833,"p(90)":1.4242102000000034},"type":"trend"},"http_req_duration{expected_response:true}":{"type":"trend","contains":"time","values":{"med":14.786917500000001,"max":587.473823,"p(90)":95.90511700000002,"p(95)":127.08478785,"avg":40.09580537039712,"min":0.713296}},"http_req_waiting":{"values":{"min":0.668997,"med":14.295426500000001,"max":571.902101,"p(90)":94.79272190000002,"p(95)":120.4192353,"avg":38.99160120270151},"type":"trend","contains":"time"},"response_time_productpage":{"type":"trend","contains":"default","values":{"med":25.329980499999998,"max":587.473823,"p(90)":178.6140237,"p(95)":210.5178161499999,"avg":63.12352300371532,"min":2.7841}},"response_time_api_v1_products_1":{"type":"trend","contains":"default","values":{"max":407.449674,"p(90)":91.22651379999999,"p(95)":107.11262194999993,"avg":35.717104469877874,"min":0.90211,"med":13.110598}},"data_received":{"values":{"rate":32181509.16735726,"count":4832629600},"type":"counter","contains":"data"},"http_req_duration":{"type":"trend","contains":"time","values":{"p(90)":95.90511700000002,"p(95)":127.08478785,"avg":40.09580537039712,"min":0.713296,"med":14.786917500000001,"max":587.473823}},"vus_max":{"contains":"default","values":{"value":100,"min":100,"max":100},"type":"gauge"},"response_time_api_v1_products_1_ratings":{"type":"trend","contains":"default","values":{"avg":35.34102865402032,"min":0.979195,"med":13.0937135,"max":409.470376,"p(90)":91.64182059999999,"p(95)":108.98024389999998}},"vus":{"type":"gauge","contains":"default","values":{"value":100,"min":100,"max":100}}},"root_group":{"name":"","path":"","id":"d41d8cd98f00b204e9800998ecf8427e","groups":[],"checks":[{"name":"status was 200","path":"::status was 200","id":"1461660757a913d4fb82ac4c5e1009de","passes":373080,"fails":0}]},"options":{"summaryTrendStats":["avg","min","med","max","p(90)","p(95)"],"summaryTimeUnit":"","noColor":false}}