{"options":{"summaryTimeUnit":"","noColor":false,"summaryTrendStats":["avg","min","med","max","p(90)","p(95)"]},"state":{"isStdErrTTY":true,"testRunDurationMs":150220.759508,"isStdOutTTY":true},"metrics":{"http_req_tls_handshaking":{"type":"trend","contains":"time","values":{"max":0,"p(90)":0,"p(95)":0,"avg":0,"min":0,"med":0}},"http_req_waiting":{"contains":"time","values":{"min":0.862707,"med":29.018498,"max":871.323404,"p(90)":160.5347747,"p(95)":198.1116627,"avg":60.298201102439506},"type":"trend"},"response_time_api_v1_products":{"type":"trend","contains":"default","values":{"p(95)":165.2056173,"avg":48.898203374198594,"min":1.813694,"med":24.4852055,"max":692.820257,"p(90)":102.44904090000006}},"response_time_":{"values":{"min":0.901112,"med":23.229549,"max":693.099492,"p(90)":97.03747100000002,"p(95)":130.26517584999993,"avg":46.06672254636161},"type":"trend","contains":"default"},"data_received":{"contains":"data","values":{"count":4703925280,"rate":31313416.9698396},"type":"counter"},"http_req_failed":{"values":{"rate":0,"passes":0,"fails":363144},"type":"rate","contains":"default"},"http_req_duration{expected_response:true}":{"type":"trend","contains":"time","values":{"med":30.1476855,"max":881.254536,"p(90)":163.75856070000003,"p(95)":202.1892173499999,"avg":61.88066725397354,"min":0.901112}},"http_req_connecting":{"values":{"med":0,"max":1.928845,"p(90)":0,"p(95)":0,"avg":0.00022503663560460868,"min":0},"type":"trend","contains":"time"},"http_req_sending":{"type":"trend","contains":"time","values":{"med":0.007601,"max":20.713638,"p(90)":0.031501,"p(95)":0.0377,"avg":0.017331413720183566,"min":0.0032}},"response_time_api_v1_products_1_reviews":{"type":"trend","contains":"default","values":{"p(90)":179.9122968,"p(95)":217.58499065,"avg":66.23679603068207,"min":2.067209,"med":28.706979,"max":783.179467}},"iteration_duration":{"type":"trend","contains":"time","values":{"max":1513.384686,"p(90)":678.2679784000003,"p(95)":797.4505671,"avg":372.0786211733084,"min":78.14735,"med":302.30480350000005}},"vus_max":{"values":{"max":150,"value":150,"min":150},"type":"gauge","contains":"default"},"http_reqs":{"type":"counter","contains":"default","values":{"count":363144,"rate":2417.402236477581}},"http_req_receiving":{"type":"trend","contains":"time","values":{"min":0.0086,"med":0.0374,"max":339.735082,"p(90)":1.996195100000001,"p(95)":5.127836,"avg":1.565134737814709}},"data_sent":{"contains":"data","values":{"count":32864532,"rate":218774.90240122107},"type":"counter"},"checks":{"contains":"default","values":{"rate":1,"passes":363144,"fails":0},"type":"rate"},"http_req_duration":{"type":"trend","contains":"time","values":{"avg":61.88066725397354,"min":0.901112,"med":30.1476855,"max":881.254536,"p(90)":163.75856070000003,"p(95)":202.1892173499999}},"http_req_blocked":{"type":"trend","contains":"time","values":{"med":0.0028,"max":8.19311,"p(90)":0.0106,"p(95)":0.0133,"avg":0.005066848734938934,"min":0.001}},"iterations":{"type":"counter","contains":"default","values":{"count":60524,"rate":402.9003727462635}},"response_time_productpage":{"type":"trend","contains":"default","values":{"avg":98.16190224639821,"min":3.994575,"med":62.143916000000004,"max":881.254536,"p(90)":269.97474080000006,"p(95)":317.60221924999985}},"response_time_api_v1_products_1_ratings":{"type":"trend","contains":"default","values":{"avg":53.78613785081983,"min":1.128907,"med":24.257061999999998,"max":534.858253,"p(90)":127.69917140000027,"p(95)":185.4346032}},"response_time_api_v1_products_1":{"values":{"max":605.470219,"p(90)":142.80228580000005,"p(95)":183.50327205,"avg":58.134241475381295,"min":1.167305,"med":44.469408},"type":"trend","contains":"default"},"vus":{"contains":"default","values":{"value":150,"min":150,"max":150},"type":"gauge"}},"root_group":{"id":"d41d8cd98f00b204e9800998ecf8427e","groups":[],"checks":[{"path":"::status was 200","id":"1461660757a913d4fb82ac4c5e1009de","passes":363144,"fails":0,"name":"status was 200"}],"name":"","path":""}}