{"root_group":{"path":"","id":"d41d8cd98f00b204e9800998ecf8427e","groups":[],"checks":[{"passes":488040,"fails":0,"name":"status was 200","path":"::status was 200","id":"1461660757a913d4fb82ac4c5e1009de"}],"name":""},"options":{"summaryTrendStats":["avg","min","med","max","p(90)","p(95)"],"summaryTimeUnit":"","noColor":false},"state":{"isStdOutTTY":true,"isStdErrTTY":true,"testRunDurationMs":150183.206337},"metrics":{"http_req_receiving":{"type":"trend","contains":"time","values":{"avg":1.3188304382324665,"min":0.0088,"med":0.0319,"max":432.670081,"p(90)":2.205520600000007,"p(95)":5.1959952}},"response_time_api_v1_products_1_reviews":{"type":"trend","contains":"default","values":{"p(90)":122.27705180000018,"p(95)":194.2504660000001,"avg":58.237061329222946,"min":1.676297,"med":32.0413185,"max":622.192469}},"http_req_connecting":{"contains":"time","values":{"p(90)":0,"p(95)":0,"avg":0.00006899259896729774,"min":0,"med":0,"max":1.825808},"type":"trend"},"response_time_":{"type":"trend","contains":"default","values":{"min":0.951205,"med":30.114427499999998,"max":504.766913,"p(90)":93.1956046,"p(95)":141.29055195,"avg":47.37180705542142}},"response_time_api_v1_products_1_ratings":{"type":"trend","contains":"default","values":{"max":591.430564,"p(90)":116.66429100000009,"p(95)":183.97185595000002,"avg":59.52515546481401,"min":1.26261,"med":46.467798}},"http_req_sending":{"type":"trend","contains":"time","values":{"max":17.541481,"p(90)":0.019,"p(95)":0.033199,"avg":0.013942711068773138,"min":0.0031,"med":0.0072}},"response_time_api_v1_products":{"contains":"default","values":{"max":578.8665,"p(90)":91.40289080000005,"p(95)":152.87722790000007,"avg":53.069344327563016,"min":1.6949,"med":40.629562},"type":"trend"},"http_req_failed":{"type":"rate","contains":"default","values":{"rate":0,"passes":0,"fails":488040}},"vus":{"type":"gauge","contains":"default","values":{"max":200,"value":200,"min":200}},"vus_max":{"type":"gauge","contains":"default","values":{"value":200,"min":200,"max":200}},"http_req_blocked":{"type":"trend","contains":"time","values":{"avg":0.0038244863064527844,"min":0.001,"med":0.0026,"max":5.692314,"p(90)":0.0055,"p(95)":0.0104}},"iteration_duration":{"values":{"avg":369.21821718273577,"min":91.282828,"med":298.69147250000003,"max":1367.521869,"p(90)":618.6407651000001,"p(95)":737.8178400500001},"type":"trend","contains":"time"},"http_reqs":{"contains":"default","values":{"count":488040,"rate":3249.6309800769227},"type":"counter"},"http_req_duration":{"type":"trend","contains":"time","values":{"avg":61.43058341371619,"min":0.951205,"med":40.570527,"max":782.621942,"p(90)":119.50295010000016,"p(95)":192.51357424999998}},"iterations":{"type":"counter","contains":"default","values":{"count":81340,"rate":541.6051633461537}},"http_req_duration{expected_response:true}":{"type":"trend","contains":"time","values":{"p(95)":192.51357424999998,"avg":61.43058341371619,"min":0.951205,"med":40.570527,"max":782.621942,"p(90)":119.50295010000016}},"checks":{"type":"rate","contains":"default","values":{"rate":1,"passes":488040,"fails":0}},"response_time_api_v1_products_1":{"type":"trend","contains":"default","values":{"p(95)":175.99639805000007,"avg":56.864741066559915,"min":1.167709,"med":42.237562,"max":492.348736,"p(90)":109.02007160000008}},"response_time_productpage":{"type":"trend","contains":"default","values":{"p(95)":307.4313606500001,"avg":93.5153912387133,"min":3.729093,"med":63.990562999999995,"max":782.621942,"p(90)":224.03584250000026}},"data_sent":{"type":"counter","contains":"data","values":{"count":44167620,"rate":294091.6036969615}},"http_req_waiting":{"contains":"time","values":{"avg":60.097810264414555,"min":0.920104,"med":39.584508,"max":769.058258,"p(90)":116.04370780000023,"p(95)":189.72034839999998},"type":"trend"},"data_received":{"type":"counter","contains":"data","values":{"count":6321744800,"rate":42093553.29526307}},"http_req_tls_handshaking":{"values":{"p(90)":0,"p(95)":0,"avg":0,"min":0,"med":0,"max":0},"type":"trend","contains":"time"}}}