{
    "root_group": {
        "checks": {
            "status was 200": {
                "name": "status was 200",
                "path": "::status was 200",
                "id": "1461660757a913d4fb82ac4c5e1009de",
                "passes": 209052,
                "fails": 0
            }
        },
        "name": "",
        "path": "",
        "id": "d41d8cd98f00b204e9800998ecf8427e",
        "groups": {}
    },
    "metrics": {
        "http_req_failed": {
            "passes": 0,
            "fails": 209052,
            "value": 0
        },
        "data_sent": {
            "count": 20173518,
            "rate": 672308.2723387459
        },
        "http_req_sending": {
            "p(90)": 0,
            "p(95)": 0,
            "avg": 0.010525347760365837,
            "min": 0,
            "med": 0,
            "max": 2.205
        },
        "iterations": {
            "count": 34842,
            "rate": 1161.1541836593194
        },
        "http_req_blocked": {
            "med": 0,
            "max": 11.4642,
            "p(90)": 0,
            "p(95)": 0,
            "avg": 0.003692224900981575,
            "min": 0
        },
        "data_received": {
            "count": 654925074,
            "rate": 21826215.190244228
        },
        "http_req_duration": {
            "p(95)": 2.6469,
            "avg": 1.350990337810666,
            "min": 0,
            "med": 1.1178,
            "max": 21.7863,
            "p(90)": 2.2142
        },
        "vus_max": {
            "value": 10,
            "min": 10,
            "max": 10
        },
        "http_req_receiving": {
            "avg": 0.09183355959282775,
            "min": 0,
            "med": 0,
            "max": 9.8018,
            "p(90)": 0.5152,
            "p(95)": 0.5354
        },
        "http_req_waiting": {
            "min": 0,
            "med": 1.0679,
            "max": 21.7863,
            "p(90)": 2.0871,
            "p(95)": 2.5136,
            "avg": 1.2486314304574664
        },
        "checks": {
            "passes": 209052,
            "fails": 0,
            "value": 1
        },
        "http_reqs": {
            "count": 209052,
            "rate": 6966.925101955916
        },
        "http_req_duration{expected_response:true}": {
            "p(95)": 2.6469,
            "avg": 1.350990337810666,
            "min": 0,
            "med": 1.1178,
            "max": 21.7863,
            "p(90)": 2.2142
        },
        "vus": {
            "min": 10,
            "max": 10,
            "value": 10
        },
        "http_req_tls_handshaking": {
            "avg": 0,
            "min": 0,
            "med": 0,
            "max": 0,
            "p(90)": 0,
            "p(95)": 0
        },
        "http_req_connecting": {
            "p(95)": 0,
            "avg": 0.0000482702868185906,
            "min": 0,
            "med": 0,
            "max": 1.0091,
            "p(90)": 0
        },
        "iteration_duration": {
            "max": 38.7682,
            "p(90)": 10.56536,
            "p(95)": 11.463295,
            "avg": 8.598779794500883,
            "min": 4.1667,
            "med": 8.31915
        }
    }
}