{
    "metrics": {
        "http_req_waiting": {
            "avg": 3.1541610647544047,
            "min": 0,
            "med": 0.5681,
            "max": 3715.6903,
            "p(90)": 4.287860000000004,
            "p(95)": 6.06301
        },
        "http_req_tls_handshaking": {
            "avg": 0,
            "min": 0,
            "med": 0,
            "max": 0,
            "p(90)": 0,
            "p(95)": 0
        },
        "checks": {
            "passes": 92040,
            "fails": 0,
            "value": 1
        },
        "http_req_connecting": {
            "avg": 0.00005199913081269014,
            "min": 0,
            "med": 0,
            "max": 0.4786,
            "p(90)": 0,
            "p(95)": 0
        },
        "data_sent": {
            "count": 8789820,
            "rate": 284264.60908430495
        },
        "vus": {
            "value": 10,
            "min": 10,
            "max": 10
        },
        "iterations": {
            "rate": 496.09879421344675,
            "count": 15340
        },
        "http_reqs": {
            "count": 92040,
            "rate": 2976.5927652806804
        },
        "data_received": {
            "rate": 9319215.849299597,
            "count": 288161900
        },
        "iteration_duration": {
            "avg": 19.94934418513692,
            "min": 2.6959,
            "med": 9.5984,
            "max": 4093.0399,
            "p(90)": 22.084870000000016,
            "p(95)": 34.52386499999998
        },
        "http_req_duration{expected_response:true}": {
            "p(95)": 6.238820000000001,
            "avg": 3.2360275260755627,
            "min": 0,
            "med": 0.5898,
            "max": 3715.9657,
            "p(90)": 4.447130000000001
        },
        "http_req_duration": {
            "med": 0.5898,
            "max": 3715.9657,
            "p(90)": 4.447130000000001,
            "p(95)": 6.238820000000001,
            "avg": 3.2360275260755627,
            "min": 0
        },
        "http_req_failed": {
            "passes": 0,
            "fails": 92040,
            "value": 0
        },
        "vus_max": {
            "min": 10,
            "max": 10,
            "value": 10
        },
        "http_req_blocked": {
            "p(90)": 0,
            "p(95)": 0,
            "avg": 0.004030697522816164,
            "min": 0,
            "med": 0,
            "max": 5.6213
        },
        "http_req_receiving": {
            "med": 0,
            "max": 47.7133,
            "p(90)": 0.5059,
            "p(95)": 0.5287,
            "avg": 0.07070578987396788,
            "min": 0
        },
        "http_req_sending": {
            "avg": 0.011160671447196862,
            "min": 0,
            "med": 0,
            "max": 5.4608,
            "p(90)": 0,
            "p(95)": 0
        }
    },
    "root_group": {
        "groups": {},
        "checks": {
                "status was 200": {
                    "passes": 92040,
                    "fails": 0,
                    "name": "status was 200",
                    "path": "::status was 200",
                    "id": "1461660757a913d4fb82ac4c5e1009de"
                }
            },
        "name": "",
        "path": "",
        "id": "d41d8cd98f00b204e9800998ecf8427e"
    }
}