{"metrics":{"http_reqs":{"contains":"default","values":{"count":18000,"rate":3586.341847435065},"type":"counter"},"vus":{"type":"gauge","contains":"default","values":{"value":48,"min":48,"max":300}},"vus_max":{"type":"gauge","contains":"default","values":{"value":300,"min":300,"max":300}},"http_req_blocked":{"contains":"time","values":{"max":65.4572,"p(90)":0.0052,"p(95)":0.0125,"avg":0.06446412222222564,"min":0.0013,"med":0.0028},"type":"trend"},"http_req_waiting":{"values":{"med":58.7487,"max":714.5742,"p(90)":151.47444000000002,"p(95)":208.20844999999997,"avg":75.527873777778,"min":1.3202},"type":"trend","contains":"time"},"iteration_duration":{"type":"trend","contains":"time","values":{"p(95)":842.3801099999994,"avg":465.5184666333332,"min":81.7119,"med":422.15234999999996,"max":1214.9315,"p(90)":673.2691899999999}},"http_req_failed":{"type":"rate","contains":"default","values":{"rate":0,"passes":0,"fails":18000}},"iterations":{"type":"counter","contains":"default","values":{"count":3000,"rate":597.7236412391775}},"http_req_connecting":{"type":"trend","contains":"time","values":{"avg":0.04794332777777779,"min":0,"med":0,"max":54.935,"p(90)":0,"p(95)":0}},"checks":{"type":"rate","contains":"default","values":{"rate":1,"passes":18000,"fails":0}},"data_sent":{"type":"counter","contains":"data","values":{"count":1629000,"rate":324563.9371928734}},"http_req_duration{expected_response:true}":{"type":"trend","contains":"time","values":{"med":59.38185,"max":726.6126,"p(90)":153.60719000000003,"p(95)":210.27722999999997,"avg":77.43385941666634,"min":1.3497}},"http_req_receiving":{"type":"trend","contains":"time","values":{"avg":1.8708416555555576,"min":0.01,"med":0.0295,"max":374.6934,"p(90)":4.022910000000003,"p(95)":8.313089999999995}},"data_received":{"contains":"data","values":{"count":233160000,"rate":46455081.397108875},"type":"counter"},"http_req_tls_handshaking":{"type":"trend","contains":"time","values":{"avg":0,"min":0,"med":0,"max":0,"p(90)":0,"p(95)":0}},"http_req_sending":{"type":"trend","contains":"time","values":{"avg":0.03514398333333217,"min":-0.0187,"med":0.007,"max":64.0971,"p(90)":0.018510000000000037,"p(95)":0.0344}},"http_req_duration":{"contains":"time","values":{"max":726.6126,"p(90)":153.60719000000003,"p(95)":210.27722999999997,"avg":77.43385941666634,"min":1.3497,"med":59.38185},"type":"trend"}},"root_group":{"checks":[{"passes":18000,"fails":0,"name":"status was 200","path":"::status was 200","id":"1461660757a913d4fb82ac4c5e1009de"}],"name":"","path":"","id":"d41d8cd98f00b204e9800998ecf8427e","groups":[]},"options":{"summaryTrendStats":["avg","min","med","max","p(90)","p(95)"],"summaryTimeUnit":"","noColor":false},"state":{"isStdErrTTY":true,"testRunDurationMs":5019.0419,"isStdOutTTY":true}}