{"state":{"isStdErrTTY":true,"testRunDurationMs":125684.953357,"isStdOutTTY":true},"metrics":{"iterations":{"contains":"default","values":{"count":100000,"rate":795.6401886545357},"type":"counter"},"vus_max":{"type":"gauge","contains":"default","values":{"value":200,"min":200,"max":200}},"http_req_tls_handshaking":{"type":"trend","contains":"time","values":{"max":0,"p(90)":0,"p(95)":0,"avg":0,"min":0,"med":0}},"http_req_receiving":{"type":"trend","contains":"time","values":{"avg":0.2771149090633417,"min":0.010652,"med":0.034321,"max":117.220657,"p(90)":0.4385072999999997,"p(95)":0.8798538499999988}},"http_req_waiting":{"type":"trend","contains":"time","values":{"avg":41.43662166035806,"min":0.72039,"med":31.586347,"max":263.192273,"p(90)":89.0984431,"p(95)":108.2794658}},"http_req_duration":{"type":"trend","contains":"time","values":{"avg":41.75146433001292,"min":0.759415,"med":31.777318,"max":270.41602,"p(90)":89.84896379999999,"p(95)":109.19236964999985}},"http_req_sending":{"type":"trend","contains":"time","values":{"p(90)":0.021535,"p(95)":0.095732,"avg":0.037727760591664626,"min":0.003999,"med":0.008094,"max":49.410716}},"http_reqs":{"contains":"default","values":{"count":600000,"rate":4773.8411319272145},"type":"counter"},"http_req_duration{expected_response:true}":{"type":"trend","contains":"time","values":{"avg":41.75146433001292,"min":0.759415,"med":31.777318,"max":270.41602,"p(90)":89.84896379999999,"p(95)":109.19236964999985}},"iteration_duration":{"values":{"p(95)":345.71633309999993,"avg":251.24384317459933,"min":61.788951,"med":248.770371,"max":525.96986,"p(90)":322.27280260000003},"type":"trend","contains":"time"},"http_req_failed":{"type":"rate","contains":"default","values":{"rate":0,"passes":0,"fails":600000}},"vus":{"type":"gauge","contains":"default","values":{"value":200,"min":200,"max":200}},"data_sent":{"type":"counter","contains":"data","values":{"rate":770975.3428062451,"count":96900000}},"http_req_blocked":{"type":"trend","contains":"time","values":{"avg":0.011181368668334649,"min":0.001293,"med":0.002906,"max":40.464624,"p(90)":0.004356,"p(95)":0.00590104999999993}},"data_received":{"type":"counter","contains":"data","values":{"count":7772000000,"rate":61837155.46223052}},"http_req_connecting":{"contains":"time","values":{"p(95)":0,"avg":0.0019378272900000006,"min":0,"med":0,"max":18.087161,"p(90)":0},"type":"trend"},"checks":{"contains":"default","values":{"fails":0,"rate":1,"passes":600000},"type":"rate"}},"root_group":{"name":"","path":"","id":"d41d8cd98f00b204e9800998ecf8427e","groups":[],"checks":[{"name":"status was 200","path":"::status was 200","id":"1461660757a913d4fb82ac4c5e1009de","passes":600000,"fails":0}]},"options":{"summaryTrendStats":["avg","min","med","max","p(90)","p(95)"],"summaryTimeUnit":"","noColor":false}}