{"metrics":{"http_req_connecting":{"values":{"p(95)":0,"avg":0.0022534882650000008,"min":0,"med":0,"max":22.496935,"p(90)":0},"type":"trend","contains":"time"},"iterations":{"type":"counter","contains":"default","values":{"rate":699.5046796444169,"count":100000}},"http_reqs":{"values":{"count":600000,"rate":4197.028077866502},"type":"counter","contains":"default"},"http_req_blocked":{"values":{"avg":0.012517190400000919,"min":0.001311,"med":0.002955,"max":41.344322,"p(90)":0.004486,"p(95)":0.006335},"type":"trend","contains":"time"},"data_received":{"type":"counter","contains":"data","values":{"count":7772000000,"rate":54365503.70196409}},"vus_max":{"contains":"default","values":{"min":200,"max":200,"value":200},"type":"gauge"},"data_sent":{"type":"counter","contains":"data","values":{"count":96900000,"rate":677820.03457544}},"http_req_waiting":{"type":"trend","contains":"time","values":{"p(95)":114.49927134999997,"avg":47.12703711271167,"min":0.674011,"med":38.811493999999996,"max":368.66936,"p(90)":94.0196763}},"iteration_duration":{"type":"trend","contains":"time","values":{"p(90)":376.21512430000007,"p(95)":405.4252082499998,"avg":285.7888953223514,"min":71.820797,"med":280.544442,"max":821.393931}},"vus":{"type":"gauge","contains":"default","values":{"min":106,"max":200,"value":106}},"http_req_duration":{"values":{"avg":47.50079150719528,"min":0.708859,"med":39.05034,"max":368.976376,"p(90)":94.9209856,"p(95)":115.712955},"type":"trend","contains":"time"},"http_req_duration{expected_response:true}":{"type":"trend","contains":"time","values":{"avg":47.50079150719528,"min":0.708859,"med":39.05034,"max":368.976376,"p(90)":94.9209856,"p(95)":115.712955}},"http_req_tls_handshaking":{"type":"trend","contains":"time","values":{"avg":0,"min":0,"med":0,"max":0,"p(90)":0,"p(95)":0}},"http_req_failed":{"type":"rate","contains":"default","values":{"rate":0,"passes":0,"fails":600000}},"checks":{"contains":"default","values":{"rate":1,"passes":600000,"fails":0},"type":"rate"},"http_req_receiving":{"contains":"time","values":{"med":0.035577,"max":163.900359,"p(90)":0.4830632999999997,"p(95)":0.99254605,"avg":0.3370909459166643,"min":0.010997},"type":"trend"},"http_req_sending":{"type":"trend","contains":"time","values":{"p(90)":0.022797,"p(95)":0.10419494999999866,"avg":0.036663448564999326,"min":0.003826,"med":0.008367,"max":49.988839}}},"root_group":{"name":"","path":"","id":"d41d8cd98f00b204e9800998ecf8427e","groups":[],"checks":[{"passes":600000,"fails":0,"name":"status was 200","path":"::status was 200","id":"1461660757a913d4fb82ac4c5e1009de"}]},"options":{"summaryTrendStats":["avg","min","med","max","p(90)","p(95)"],"summaryTimeUnit":"","noColor":false},"state":{"isStdOutTTY":true,"isStdErrTTY":true,"testRunDurationMs":142958.300223}}