{"state":{"isStdOutTTY":true,"isStdErrTTY":true,"testRunDurationMs":131646.754464},"metrics":{"iteration_duration":{"values":{"p(90)":341.4272133,"p(95)":366.7100579499999,"avg":263.1398369765169,"min":74.322542,"med":260.1205145,"max":555.792595},"type":"trend","contains":"time"},"vus":{"type":"gauge","contains":"default","values":{"value":200,"min":200,"max":200}},"http_req_duration{expected_response:true}":{"type":"trend","contains":"time","values":{"p(95)":107.09187499999996,"avg":43.73016411540042,"min":0.681998,"med":35.4963915,"max":300.060407,"p(90)":88.9864777}},"data_sent":{"contains":"data","values":{"count":96900000,"rate":736060.6829581825},"type":"counter"},"iterations":{"values":{"count":100000,"rate":759.6085479444608},"type":"counter","contains":"default"},"http_req_tls_handshaking":{"type":"trend","contains":"time","values":{"min":0,"med":0,"max":0,"p(90)":0,"p(95)":0,"avg":0}},"http_req_waiting":{"type":"trend","contains":"time","values":{"med":35.312234000000004,"max":299.515492,"p(90)":88.25036519999999,"p(95)":106.17004724999995,"avg":43.40374861159385,"min":0.655636}},"checks":{"type":"rate","contains":"default","values":{"rate":1,"passes":600000,"fails":0}},"http_req_connecting":{"type":"trend","contains":"time","values":{"max":23.186579,"p(90)":0,"p(95)":0,"avg":0.0037783587566666667,"min":0,"med":0}},"http_req_receiving":{"values":{"avg":0.29274680045667456,"min":0.01062,"med":0.035127,"max":139.680123,"p(90)":0.4682773999999999,"p(95)":0.9100829499999986},"type":"trend","contains":"time"},"http_req_sending":{"type":"trend","contains":"time","values":{"avg":0.03366870335000127,"min":0.00398,"med":0.008204,"max":48.412318,"p(90)":0.021797,"p(95)":0.10211239999999944}},"data_received":{"type":"counter","contains":"data","values":{"count":7772000000,"rate":59036776.34624349}},"http_req_duration":{"values":{"p(90)":88.9864777,"p(95)":107.09187499999996,"avg":43.73016411540042,"min":0.681998,"med":35.4963915,"max":300.060407},"type":"trend","contains":"time"},"vus_max":{"type":"gauge","contains":"default","values":{"value":200,"min":200,"max":200}},"http_reqs":{"type":"counter","contains":"default","values":{"count":600000,"rate":4557.651287666765}},"http_req_blocked":{"values":{"min":0.001279,"med":0.002929,"max":51.899351,"p(90)":0.004416,"p(95)":0.005903049999999931,"avg":0.01323040289333419},"type":"trend","contains":"time"},"http_req_failed":{"contains":"default","values":{"rate":0,"passes":0,"fails":600000},"type":"rate"}},"root_group":{"groups":[],"checks":[{"name":"status was 200","path":"::status was 200","id":"1461660757a913d4fb82ac4c5e1009de","passes":600000,"fails":0}],"name":"","path":"","id":"d41d8cd98f00b204e9800998ecf8427e"},"options":{"summaryTrendStats":["avg","min","med","max","p(90)","p(95)"],"summaryTimeUnit":"","noColor":false}}