{
    "root_group": {
        "path": "",
        "id": "d41d8cd98f00b204e9800998ecf8427e",
        "groups": {},
        "checks": {
                "status was 200": {
                    "name": "status was 200",
                    "path": "::status was 200",
                    "id": "1461660757a913d4fb82ac4c5e1009de",
                    "passes": 888,
                    "fails": 0
                }
            },
        "name": ""
    },
    "metrics": {
        "http_req_duration{expected_response:true}": {
            "avg": 2.5554129504504464,
            "min": 0,
            "med": 1.5479500000000002,
            "max": 23.1066,
            "p(90)": 6.32359,
            "p(95)": 8.787785
        },
        "http_req_blocked": {
            "p(90)": 0,
            "p(95)": 0,
            "avg": 0.2301507882882883,
            "min": 0,
            "med": 0,
            "max": 10.2263
        },
        "http_req_receiving": {
            "p(95)": 0.6129349999999999,
            "avg": 0.1416751126126126,
            "min": 0,
            "med": 0,
            "max": 2.614,
            "p(90)": 0.53162
        },
        "vus_max": {
            "max": 20,
            "value": 20,
            "min": 20
        },
        "iteration_duration": {
            "p(95)": 11919.244300000002,
            "avg": 8715.98227635135,
            "min": 1191.664,
            "med": 8830.348750000001,
            "max": 13151.5068,
            "p(90)": 11217.635690000001
        },
        "http_req_failed": {
            "passes": 0,
            "fails": 888,
            "value": 0
        },
        "iterations": {
            "count": 148,
            "rate": 2.0657032914152773
        },
        "http_req_waiting": {
            "p(90)": 6.1673,
            "p(95)": 8.526269999999998,
            "avg": 2.3972191441441413,
            "min": 0,
            "med": 1.4145500000000002,
            "max": 22.5737
        },
        "vus": {
            "value": 1,
            "min": 1,
            "max": 20
        },
        "http_reqs": {
            "count": 888,
            "rate": 12.394219748491663
        },
        "http_req_connecting": {
            "avg": 0.013850450450450452,
            "min": 0,
            "med": 0,
            "max": 0.7188,
            "p(90)": 0,
            "p(95)": 0
        },
        "checks": {
            "passes": 888,
            "fails": 0,
            "value": 1
        },
        "http_req_tls_handshaking": {
            "avg": 0,
            "min": 0,
            "med": 0,
            "max": 0,
            "p(90)": 0,
            "p(95)": 0
        },
        "data_sent": {
            "count": 84804,
            "rate": 1183.6479859809538
        },
        "data_received": {
            "count": 2777812,
            "rate": 38771.18507657334
        },
        "http_req_duration": {
            "p(95)": 8.787785,
            "avg": 2.5554129504504464,
            "min": 0,
            "med": 1.5479500000000002,
            "max": 23.1066,
            "p(90)": 6.32359
        },
        "http_req_sending": {
            "avg": 0.016518693693693697,
            "min": 0,
            "med": 0,
            "max": 0.5873,
            "p(90)": 0,
            "p(95)": 0.0341249999999988
        }
    }
}