{
    "root_group": {
        "name": "",
        "path": "",
        "id": "d41d8cd98f00b204e9800998ecf8427e",
        "groups": {},
        "checks": {
                "status was 200": {
                    "name": "status was 200",
                    "path": "::status was 200",
                    "id": "1461660757a913d4fb82ac4c5e1009de",
                    "passes": 828,
                    "fails": 0
                }
            }
    },
    "metrics": {
        "http_req_connecting": {
            "p(90)": 0.7651,
            "p(95)": 1.42491,
            "avg": 0.2081637681159421,
            "min": 0,
            "med": 0,
            "max": 2.1067
        },
        "http_req_tls_handshaking": {
            "avg": 0,
            "min": 0,
            "med": 0,
            "max": 0,
            "p(90)": 0,
            "p(95)": 0
        },
        "http_req_sending": {
            "min": 0,
            "med": 0,
            "max": 4.177,
            "p(90)": 0.0784200000000001,
            "p(95)": 0.3003249999999996,
            "avg": 0.03795652173913044
        },
        "data_received": {
            "count": 2639802,
            "rate": 38052.945636028635
        },
        "data_sent": {
            "count": 79179,
            "rate": 1141.371278040971
        },
        "iteration_duration": {
            "avg": 9233.420204347825,
            "min": 4287.1064,
            "med": 9110.51955,
            "max": 14321.8856,
            "p(90)": 12046.97979,
            "p(95)": 12528.648650000001
        },
        "vus_max": {
            "value": 20,
            "min": 20,
            "max": 20
        },
        "checks": {
            "passes": 828,
            "fails": 0,
            "value": 1
        },
        "http_req_waiting": {
            "avg": 10.167591545893721,
            "min": 1.5679,
            "med": 8.7705,
            "max": 48.2364,
            "p(90)": 18.668120000000002,
            "p(95)": 25.882574999999996
        },
        "http_req_failed": {
            "fails": 828,
            "passes": 0,
            "value": 0
        },
        "iterations": {
            "count": 138,
            "rate": 1.9892804451894315
        },
        "http_req_duration": {
            "min": 1.5679,
            "med": 8.86625,
            "max": 48.2364,
            "p(90)": 18.82578000000001,
            "p(95)": 26.013315,
            "avg": 10.26730108695652
        },
        "http_req_blocked": {
            "min": 0,
            "med": 0,
            "max": 10.2316,
            "p(90)": 1.332910000000001,
            "p(95)": 1.6707649999999998,
            "avg": 0.4604305555555557
        },
        "vus": {
            "value": 2,
            "min": 2,
            "max": 20
        },
        "http_req_duration{expected_response:true}": {
            "max": 48.2364,
            "p(90)": 18.82578000000001,
            "p(95)": 26.013315,
            "avg": 10.26730108695652,
            "min": 1.5679,
            "med": 8.86625
        },
        "http_req_receiving": {
            "med": 0,
            "max": 2.3023,
            "p(90)": 0.50382,
            "p(95)": 0.5253899999999999,
            "avg": 0.061753019323671464,
            "min": 0
        },
        "http_reqs": {
            "count": 828,
            "rate": 11.935682671136588
        }
    }
}