{
    "options": {
        "summaryTimeUnit": "",
        "noColor": false,
        "summaryTrendStats": [
            "avg",
            "min",
            "med",
            "max",
            "p(90)",
            "p(95)"
        ]
    },
    "state": {
        "isStdOutTTY": true,
        "isStdErrTTY": true,
        "testRunDurationMs": 201678.946624
    },
    "metrics": {
        "vus_max": {
            "type": "gauge",
            "contains": "default",
            "values": {
                "value": 200,
                "min": 200,
                "max": 200
            }
        },
        "http_req_sending": {
            "type": "trend",
            "contains": "time",
            "values": {
                "avg": 0.015568598193335965,
                "min": 0.0031,
                "med": 0.0074,
                "max": 19.876257,
                "p(90)": 0.0264,
                "p(95)": 0.0346
            }
        },
        "http_req_receiving": {
            "type": "trend",
            "contains": "time",
            "values": {
                "min": 0.0082,
                "med": 0.034501,
                "max": 426.510959,
                "p(90)": 2.733362299999996,
                "p(95)": 6.253023049999983,
                "avg": 1.5833215978482693
            }
        },
        "iterations": {
            "type": "counter",
            "contains": "default",
            "values": {
                "rate": 495.8375758796228,
                "count": 100000
            }
        },
        "data_sent": {
            "type": "counter",
            "contains": "data",
            "values": {
                "count": 54300000,
                "rate": 269239.8037026352
            }
        },
        "http_req_duration": {
            "type": "trend",
            "contains": "time",
            "values": {
                "p(95)": 207.6526784499998,
                "avg": 67.10463785239692,
                "min": 1.185009,
                "med": 42.8495765,
                "max": 808.79482,
                "p(90)": 165.1879759
            }
        },
        "http_reqs": {
            "type": "counter",
            "contains": "default",
            "values": {
                "count": 600000,
                "rate": 2975.025455277737
            }
        },
        "http_req_blocked": {
            "values": {
                "avg": 0.004369892708336349,
                "min": 0.001,
                "med": 0.0027,
                "max": 12.197802,
                "p(90)": 0.0082,
                "p(95)": 0.0121
            },
            "type": "trend",
            "contains": "time"
        },
        "vus": {
            "type": "gauge",
            "contains": "default",
            "values": {
                "min": 200,
                "max": 200,
                "value": 200
            }
        },
        "http_req_tls_handshaking": {
            "type": "trend",
            "contains": "time",
            "values": {
                "p(95)": 0,
                "avg": 0,
                "min": 0,
                "med": 0,
                "max": 0,
                "p(90)": 0
            }
        },
        "checks": {
            "type": "rate",
            "contains": "default",
            "values": {
                "rate": 1,
                "passes": 600000,
                "fails": 0
            }
        },
        "http_req_waiting": {
            "type": "trend",
            "contains": "time",
            "values": {
                "min": 1.127708,
                "med": 41.759531,
                "max": 798.868953,
                "p(90)": 162.80348479999992,
                "p(95)": 202.93814459999996,
                "avg": 65.50574765635996
            }
        },
        "http_req_failed": {
            "type": "rate",
            "contains": "default",
            "values": {
                "rate": 0,
                "passes": 0,
                "fails": 600000
            }
        },
        "iteration_duration": {
            "type": "trend",
            "contains": "time",
            "values": {
                "avg": 403.2680521392019,
                "min": 108.780217,
                "med": 355.329395,
                "max": 1494.985064,
                "p(90)": 679.8098683000003,
                "p(95)": 775.5825245999999
            }
        },
        "data_received": {
            "type": "counter",
            "contains": "data",
            "values": {
                "count": 7772000000,
                "rate": 38536496.39736429
            }
        },
        "http_req_duration{expected_response:true}": {
            "contains": "time",
            "values": {
                "p(95)": 207.6526784499998,
                "avg": 67.10463785239692,
                "min": 1.185009,
                "med": 42.8495765,
                "max": 808.79482,
                "p(90)": 165.1879759
            },
            "type": "trend"
        },
        "http_req_connecting": {
            "type": "trend",
            "contains": "time",
            "values": {
                "max": 4.391431,
                "p(90)": 0,
                "p(95)": 0,
                "avg": 0.0001468858699999999,
                "min": 0,
                "med": 0
            }
        }
    },
    "root_group": {
        "checks": [
            {
                "id": "1461660757a913d4fb82ac4c5e1009de",
                "passes": 600000,
                "fails": 0,
                "name": "status was 200",
                "path": "::status was 200"
            }
        ],
        "name": "",
        "path": "",
        "id": "d41d8cd98f00b204e9800998ecf8427e",
        "groups": []
    }
}