{"state":{"isStdOutTTY":true,"isStdErrTTY":true,"testRunDurationMs":204545.404768},"metrics":{"http_reqs":{"type":"counter","contains":"default","values":{"count":600000,"rate":2933.3340471790775}},"checks":{"type":"rate","contains":"default","values":{"rate":1,"passes":600000,"fails":0}},"data_sent":{"type":"counter","contains":"data","values":{"rate":265466.7312697065,"count":54300000}},"http_req_sending":{"contains":"time","values":{"p(90)":0.0256,"p(95)":0.0344,"avg":0.014142764351674515,"min":0.0032,"med":0.0074,"max":16.616664},"type":"trend"},"http_req_receiving":{"type":"trend","contains":"time","values":{"avg":1.450812783535005,"min":0.008701,"med":0.033601,"max":383.460392,"p(90)":2.3051274,"p(95)":5.49855415}},"http_req_waiting":{"values":{"p(90)":162.86010199999998,"p(95)":202.90472719999997,"avg":66.57589355068615,"min":0.950609,"med":45.9272365,"max":726.074779},"type":"trend","contains":"time"},"http_req_failed":{"values":{"rate":0,"passes":0,"fails":600000},"type":"rate","contains":"default"},"vus_max":{"type":"gauge","contains":"default","values":{"value":200,"min":200,"max":200}},"http_req_duration{expected_response:true}":{"type":"trend","contains":"time","values":{"med":46.8947235,"max":763.398106,"p(90)":165.1697865,"p(95)":206.93946604999968,"avg":68.04084909857461,"min":0.98281}},"http_req_tls_handshaking":{"type":"trend","contains":"time","values":{"avg":0,"min":0,"med":0,"max":0,"p(90)":0,"p(95)":0}},"http_req_blocked":{"type":"trend","contains":"time","values":{"avg":0.004144757313336048,"min":0.001,"med":0.0027,"max":14.058186,"p(90)":0.0076,"p(95)":0.012}},"iterations":{"type":"counter","contains":"default","values":{"rate":488.8890078631796,"count":100000}},"iteration_duration":{"type":"trend","contains":"time","values":{"avg":408.86731035547666,"min":67.228508,"med":371.35544300000004,"max":1312.503243,"p(90)":672.55618,"p(95)":750.2661483499995}},"vus":{"contains":"default","values":{"value":200,"min":200,"max":200},"type":"gauge"},"http_req_duration":{"type":"trend","contains":"time","values":{"med":46.8947235,"max":763.398106,"p(90)":165.1697865,"p(95)":206.93946604999968,"avg":68.04084909857461,"min":0.98281}},"data_received":{"type":"counter","contains":"data","values":{"count":7772000000,"rate":37996453.69112632}},"http_req_connecting":{"type":"trend","contains":"time","values":{"p(90)":0,"p(95)":0,"avg":0.00006270790333333337,"min":0,"med":0,"max":2.350521}}},"root_group":{"id":"d41d8cd98f00b204e9800998ecf8427e","groups":[],"checks":[{"id":"1461660757a913d4fb82ac4c5e1009de","passes":600000,"fails":0,"name":"status was 200","path":"::status was 200"}],"name":"","path":""},"options":{"summaryTrendStats":["avg","min","med","max","p(90)","p(95)"],"summaryTimeUnit":"","noColor":false}}