{"state":{"isStdOutTTY":true,"isStdErrTTY":true,"testRunDurationMs":106519.9352},"metrics":{"data_sent":{"type":"counter","contains":"data","values":{"count":21720000,"rate":203905.49392673682}},"http_reqs":{"type":"counter","contains":"default","values":{"count":240000,"rate":2253.0993804059317}},"http_req_sending":{"type":"trend","contains":"time","values":{"med":0.0083,"max":12.6038,"p(90)":0.033,"p(95)":0.0399,"avg":0.020164365416673432,"min":0.0035}},"vus_max":{"type":"gauge","contains":"default","values":{"value":50,"min":50,"max":50}},"http_req_duration{expected_response:true}":{"type":"trend","contains":"time","values":{"avg":21.735352474999914,"min":0.7092,"med":7.0421,"max":384.2353,"p(90)":69.79380000000002,"p(95)":85.84706499999997}},"http_req_connecting":{"values":{"med":0,"max":2.1607,"p(90)":0,"p(95)":0,"avg":0.00006224458333333335,"min":0},"type":"trend","contains":"time"},"http_req_waiting":{"type":"trend","contains":"time","values":{"p(90)":68.65238000000001,"p(95)":84.299815,"avg":21.00000389750002,"min":0.6751,"med":6.73045,"max":376.4938}},"data_received":{"values":{"rate":29185147.307524834,"count":3108800000},"type":"counter","contains":"data"},"vus":{"type":"gauge","contains":"default","values":{"value":21,"min":21,"max":50}},"http_req_receiving":{"type":"trend","contains":"time","values":{"min":-0.2595,"med":0.0349,"max":189.5993,"p(90)":1.1282200000000013,"p(95)":2.295309999999998,"avg":0.715184212083336}},"http_req_failed":{"type":"rate","contains":"default","values":{"rate":0,"passes":0,"fails":240000}},"iterations":{"type":"counter","contains":"default","values":{"count":40000,"rate":375.5165634009886}},"http_req_duration":{"type":"trend","contains":"time","values":{"med":7.0421,"max":384.2353,"p(90)":69.79380000000002,"p(95)":85.84706499999997,"avg":21.735352474999914,"min":0.7092}},"http_req_blocked":{"type":"trend","contains":"time","values":{"avg":0.005573069583335324,"min":0.0014,"med":0.0033,"max":10.33,"p(90)":0.0122,"p(95)":0.0156}},"checks":{"values":{"rate":1,"passes":240000,"fails":0},"type":"rate","contains":"default"},"http_req_tls_handshaking":{"type":"trend","contains":"time","values":{"min":0,"med":0,"max":0,"p(90)":0,"p(95)":0,"avg":0}},"iteration_duration":{"type":"trend","contains":"time","values":{"max":800.5453,"p(90)":288.84734,"p(95)":385.84517,"avg":131.1191767249986,"min":7.6158,"med":95.51095000000001}}},"root_group":{"name":"","path":"","id":"d41d8cd98f00b204e9800998ecf8427e","groups":[],"checks":[{"name":"status was 200","path":"::status was 200","id":"1461660757a913d4fb82ac4c5e1009de","passes":240000,"fails":0}]},"options":{"noColor":false,"summaryTrendStats":["avg","min","med","max","p(90)","p(95)"],"summaryTimeUnit":""}}