{"metrics":{"vus_max":{"type":"gauge","contains":"default","values":{"value":150,"min":150,"max":150}},"http_req_connecting":{"type":"trend","contains":"time","values":{"max":1.727,"p(90)":0,"p(95)":0,"avg":0.00006483703703703704,"min":0,"med":0}},"http_req_waiting":{"type":"trend","contains":"time","values":{"avg":46.89626764148203,"min":0.75,"med":24.8457,"max":607.0519,"p(90)":91.05183000000004,"p(95)":156.66322499999998}},"http_req_duration{expected_response:true}":{"type":"trend","contains":"time","values":{"avg":47.934662559997996,"min":0.7736,"med":25.56355,"max":613.2888,"p(90)":92.51302000000001,"p(95)":160.36069499999996}},"checks":{"values":{"rate":1,"passes":405000,"fails":0},"type":"rate","contains":"default"},"vus":{"contains":"default","values":{"value":54,"min":54,"max":150},"type":"gauge"},"http_reqs":{"type":"counter","contains":"default","values":{"count":405000,"rate":3074.4841450017907}},"http_req_failed":{"type":"rate","contains":"default","values":{"rate":0,"passes":0,"fails":405000}},"iterations":{"type":"counter","contains":"default","values":{"count":67500,"rate":512.4140241669652}},"http_req_duration":{"values":{"avg":47.934662559997996,"min":0.7736,"med":25.56355,"max":613.2888,"p(90)":92.51302000000001,"p(95)":160.36069499999996},"type":"trend","contains":"time"},"http_req_tls_handshaking":{"type":"trend","contains":"time","values":{"p(90)":0,"p(95)":0,"avg":0,"min":0,"med":0,"max":0}},"http_req_blocked":{"type":"trend","contains":"time","values":{"avg":0.004591206913583201,"min":0.0013,"med":0.0031,"max":7.9973,"p(90)":0.0066,"p(95)":0.0131}},"iteration_duration":{"type":"trend","contains":"time","values":{"avg":288.2006466118532,"min":8.1251,"med":219.0673,"max":1185.9264,"p(90)":504.09296,"p(95)":594.6507499999998}},"http_req_receiving":{"type":"trend","contains":"time","values":{"avg":1.0230382355555228,"min":0.0093,"med":0.0326,"max":254.5466,"p(90)":1.7073100000000034,"p(95)":3.777009999999998}},"data_sent":{"type":"counter","contains":"data","values":{"count":36652500,"rate":278240.81512266205}},"data_received":{"values":{"rate":39824817.95825653,"count":5246100000},"type":"counter","contains":"data"},"http_req_sending":{"values":{"avg":0.015356682962971078,"min":0.0034,"med":0.0079,"max":18.7817,"p(90)":0.0222,"p(95)":0.0358},"type":"trend","contains":"time"}},"root_group":{"name":"","path":"","id":"d41d8cd98f00b204e9800998ecf8427e","groups":[],"checks":[{"id":"1461660757a913d4fb82ac4c5e1009de","passes":405000,"fails":0,"name":"status was 200","path":"::status was 200"}]},"options":{"summaryTrendStats":["avg","min","med","max","p(90)","p(95)"],"summaryTimeUnit":"","noColor":false},"state":{"isStdOutTTY":true,"isStdErrTTY":true,"testRunDurationMs":131729.4157}}