{"root_group":{"groups":[],"checks":[{"name":"status was 200","path":"::status was 200","id":"1461660757a913d4fb82ac4c5e1009de","passes":600000,"fails":0}],"name":"","path":"","id":"d41d8cd98f00b204e9800998ecf8427e"},"options":{"summaryTimeUnit":"","noColor":false,"summaryTrendStats":["avg","min","med","max","p(90)","p(95)"]},"state":{"isStdOutTTY":true,"isStdErrTTY":true,"testRunDurationMs":219782.049393},"metrics":{"data_sent":{"type":"counter","contains":"data","values":{"count":54300000,"rate":247062.94326569076}},"http_req_blocked":{"type":"trend","contains":"time","values":{"p(95)":0.0126,"avg":0.010412994710002163,"min":0.001,"med":0.0027,"max":1021.471221,"p(90)":0.0094}},"http_req_duration":{"type":"trend","contains":"time","values":{"avg":73.09126361670536,"min":0.906304,"med":48.6964245,"max":1080.178686,"p(90)":178.458709,"p(95)":224.13400309999977}},"http_req_failed":{"type":"rate","contains":"default","values":{"rate":0,"passes":0,"fails":600000}},"http_req_sending":{"type":"trend","contains":"time","values":{"avg":0.015759947350001385,"min":0.0031,"med":0.0074,"max":20.013804,"p(90)":0.028499,"p(95)":0.035399}},"data_received":{"values":{"count":7772000000,"rate":35362305.61806535},"type":"counter","contains":"data"},"iteration_duration":{"type":"trend","contains":"time","values":{"med":396.2085735,"max":1389.017962,"p(90)":714.5611350000001,"p(95)":812.5100909999998,"avg":439.2380812309817,"min":48.06388}},"vus_max":{"type":"gauge","contains":"default","values":{"max":200,"value":200,"min":200}},"http_req_tls_handshaking":{"type":"trend","contains":"time","values":{"p(90)":0,"p(95)":0,"avg":0,"min":0,"med":0,"max":0}},"http_req_receiving":{"type":"trend","contains":"time","values":{"p(95)":6.357692249999982,"avg":1.6876622057766562,"min":0.0086,"med":0.0355,"max":577.42654,"p(90)":2.5494319999999964}},"http_req_duration{expected_response:true}":{"contains":"time","values":{"avg":73.09126361670536,"min":0.906304,"med":48.6964245,"max":1080.178686,"p(90)":178.458709,"p(95)":224.13400309999977},"type":"trend"},"http_req_connecting":{"type":"trend","contains":"time","values":{"min":0,"med":0,"max":1021.387524,"p(90)":0,"p(95)":0,"avg":0.005851571948333333}},"checks":{"values":{"passes":600000,"fails":0,"rate":1},"type":"rate","contains":"default"},"http_req_waiting":{"values":{"avg":71.38784146357376,"min":0.86861,"med":47.94646,"max":1065.637316,"p(90)":176.16715979999998,"p(95)":216.75732205},"type":"trend","contains":"time"},"http_reqs":{"values":{"rate":2729.9772736540413,"count":600000},"type":"counter","contains":"default"},"iterations":{"type":"counter","contains":"default","values":{"count":100000,"rate":454.9962122756736}},"vus":{"type":"gauge","contains":"default","values":{"value":200,"min":200,"max":200}}}}