{"state":{"isStdOutTTY":true,"isStdErrTTY":true,"testRunDurationMs":120402.051},"metrics":{"http_req_connecting":{"contains":"time","values":{"avg":0.024373010439232283,"min":0,"med":0,"max":69.8247,"p(90)":0,"p(95)":0},"type":"trend"},"http_req_tls_handshaking":{"type":"trend","contains":"time","values":{"med":0,"max":0,"p(90)":0,"p(95)":0,"avg":0,"min":0}},"checks":{"contains":"default","values":{"fails":0,"rate":1,"passes":448692},"type":"rate"},"http_req_duration":{"type":"trend","contains":"time","values":{"p(90)":145.56552000000002,"p(95)":209.33049,"avg":80.29675288215593,"min":1.1284,"med":63.43005,"max":915.8449}},"http_req_receiving":{"contains":"time","values":{"avg":1.464244018614057,"min":0.0092,"med":0.0303,"max":291.7568,"p(90)":3.3969700000000067,"p(95)":7.885034999999986},"type":"trend"},"http_req_sending":{"contains":"time","values":{"avg":0.013560433883386555,"min":0.0034,"med":0.0072,"max":68.8461,"p(90)":0.0122,"p(95)":0.0295},"type":"trend"},"vus":{"type":"gauge","contains":"default","values":{"value":300,"min":300,"max":300}},"http_req_waiting":{"type":"trend","contains":"time","values":{"p(95)":206.6855649999999,"avg":78.8189484296565,"min":1.1021,"med":62.8536,"max":899.0344,"p(90)":139.84430000000023}},"iteration_duration":{"type":"trend","contains":"time","values":{"avg":482.43515669947084,"min":186.4322,"med":418.88975,"max":1420.6778,"p(90)":717.8205800000002,"p(95)":809.4344649999998}},"http_reqs":{"values":{"count":448692,"rate":3726.6142584232225},"type":"counter","contains":"default"},"iterations":{"type":"counter","contains":"default","values":{"count":74782,"rate":621.1023764038704}},"data_received":{"type":"counter","contains":"data","values":{"count":5812057040,"rate":48272076.69410881}},"http_req_failed":{"type":"rate","contains":"default","values":{"rate":0,"passes":0,"fails":448692}},"vus_max":{"values":{"value":300,"min":300,"max":300},"type":"gauge","contains":"default"},"http_req_blocked":{"type":"trend","contains":"time","values":{"max":71.6955,"p(90)":0.0044,"p(95)":0.0081,"avg":0.028783682347753168,"min":0.0013,"med":0.0028}},"http_req_duration{expected_response:true}":{"contains":"time","values":{"p(95)":209.33049,"avg":80.29675288215593,"min":1.1284,"med":63.43005,"max":915.8449,"p(90)":145.56552000000002},"type":"trend"},"data_sent":{"type":"counter","contains":"data","values":{"count":40606626,"rate":337258.59038730164}}},"root_group":{"id":"d41d8cd98f00b204e9800998ecf8427e","groups":[],"checks":[{"name":"status was 200","path":"::status was 200","id":"1461660757a913d4fb82ac4c5e1009de","passes":448692,"fails":0}],"name":"","path":""},"options":{"summaryTrendStats":["avg","min","med","max","p(90)","p(95)"],"summaryTimeUnit":"","noColor":false}}