{
    "root_group": {
        "groups": {},
        "checks": {
                "status was 200": {
                    "name": "status was 200",
                    "path": "::status was 200",
                    "id": "1461660757a913d4fb82ac4c5e1009de",
                    "passes": 29268,
                    "fails": 0
                }
            },
        "name": "",
        "path": "",
        "id": "d41d8cd98f00b204e9800998ecf8427e"
    },
    "metrics": {
        "http_req_tls_handshaking": {
            "max": 0,
            "p(90)": 0,
            "p(95)": 0,
            "avg": 0,
            "min": 0,
            "med": 0
        },
        "http_req_receiving": {
            "p(95)": 0.5858549999999985,
            "avg": 0.13973952781194474,
            "min": 0,
            "med": 0,
            "max": 59.3963,
            "p(90)": 0.5103
        },
        "http_req_duration": {
            "avg": 3.340725618422828,
            "min": 0,
            "med": 1.5794,
            "max": 77.0418,
            "p(90)": 2.759,
            "p(95)": 6.405524999999999
        },
        "checks": {
            "passes": 29268,
            "fails": 0,
            "value": 1
        },
        "vus": {
            "max": 5,
            "value": 5,
            "min": 5
        },
        "data_sent": {
            "count": 2648754,
            "rate": 132091.29981263235
        },
        "http_req_blocked": {
            "p(90)": 0,
            "p(95)": 0,
            "avg": 0.0043170493371600385,
            "min": 0,
            "med": 0,
            "max": 12.395
        },
        "http_req_waiting": {
            "avg": 3.1904770739373975,
            "min": 0,
            "med": 1.5054,
            "max": 77.0418,
            "p(90)": 2.5549799999999996,
            "p(95)": 6.048484999999998
        },
        "http_req_connecting": {
            "min": 0,
            "med": 0,
            "max": 0,
            "p(90)": 0,
            "p(95)": 0,
            "avg": 0
        },
        "http_req_sending": {
            "med": 0,
            "max": 2.1932,
            "p(90)": 0,
            "p(95)": 0,
            "avg": 0.010509016673500052,
            "min": 0
        },
        "data_received": {
            "count": 92199078,
            "rate": 4597896.238966048
        },
        "vus_max": {
            "value": 5,
            "min": 5,
            "max": 5
        },
        "http_reqs": {
            "rate": 1459.572373620247,
            "count": 29268
        },
        "iteration_duration": {
            "avg": 20.506454530545312,
            "min": 7.3504,
            "med": 10.081199999999999,
            "max": 183.0004,
            "p(90)": 55.05943,
            "p(95)": 64.77604999999996
        },
        "iterations": {
            "count": 4878,
            "rate": 243.26206227004116
        },
        "http_req_duration{expected_response:true}": {
            "p(90)": 2.759,
            "p(95)": 6.405524999999999,
            "avg": 3.340725618422828,
            "min": 0,
            "med": 1.5794,
            "max": 77.0418
        },
        "http_req_failed": {
            "passes": 0,
            "fails": 29268,
            "value": 0
        }
    }
}