{
    "root_group": {
        "name": "",
        "path": "",
        "id": "d41d8cd98f00b204e9800998ecf8427e",
        "groups": {},
        "checks": {
                "status was 200": {
                    "path": "::status was 200",
                    "id": "1461660757a913d4fb82ac4c5e1009de",
                    "passes": 1104,
                    "fails": 0,
                    "name": "status was 200"
                }
            }
    },
    "metrics": {
        "http_req_connecting": {
            "max": 1.0009,
            "p(90)": 0,
            "p(95)": 0,
            "avg": 0.0045330615942028975,
            "min": 0,
            "med": 0
        },
        "http_req_tls_handshaking": {
            "med": 0,
            "max": 0,
            "p(90)": 0,
            "p(95)": 0,
            "avg": 0,
            "min": 0
        },
        "vus": {
            "value": 5,
            "min": 5,
            "max": 5
        },
        "checks": {
            "passes": 1104,
            "fails": 0,
            "value": 1
        },
        "http_req_duration{expected_response:true}": {
            "p(95)": 203.5140999999999,
            "avg": 90.91201168478273,
            "min": 2.0282,
            "med": 79.21465,
            "max": 2372.7834,
            "p(90)": 185.95271
        },
        "http_req_receiving": {
            "p(95)": 15.751499999999954,
            "avg": 3.3396333333333317,
            "min": 0,
            "med": 0.43255,
            "max": 83.4064,
            "p(90)": 5.097200000000003
        },
        "http_req_duration": {
            "p(95)": 203.5140999999999,
            "avg": 90.91201168478273,
            "min": 2.0282,
            "med": 79.21465,
            "max": 2372.7834,
            "p(90)": 185.95271
        },
        "data_sent": {
            "rate": 4937.713164114687,
            "count": 99912
        },
        "http_req_blocked": {
            "avg": 0.04693197463768116,
            "min": 0,
            "med": 0,
            "max": 9.5208,
            "p(90)": 0,
            "p(95)": 0
        },
        "http_req_failed": {
            "passes": 0,
            "fails": 1104,
            "value": 0
        },
        "vus_max": {
            "value": 5,
            "min": 5,
            "max": 5
        },
        "http_reqs": {
            "count": 1104,
            "rate": 54.56036645430593
        },
        "iteration_duration": {
            "min": 194.0704,
            "med": 407.13095,
            "max": 4280.8954,
            "p(90)": 791.8190000000001,
            "p(95)": 1090.1815249999993,
            "avg": 546.5580163043478
        },
        "http_req_waiting": {
            "p(95)": 201.53326499999997,
            "avg": 87.55555679347846,
            "min": 2.0282,
            "med": 76.8538,
            "max": 2372.4479,
            "p(90)": 185.34002
        },
        "data_received": {
            "count": 3155972,
            "rate": 155970.0985865297
        },
        "iterations": {
            "count": 184,
            "rate": 9.093394409050989
        },
        "http_req_sending": {
            "avg": 0.01682155797101449,
            "min": 0,
            "med": 0,
            "max": 1.544,
            "p(90)": 0,
            "p(95)": 0
        }
    }
}