{"metrics":{"http_req_connecting":{"type":"trend","contains":"time","values":{"avg":0.0020900181016666685,"min":0,"med":0,"max":12.752378,"p(90)":0,"p(95)":0}},"http_req_sending":{"type":"trend","contains":"time","values":{"avg":0.03604611949333248,"min":0.004177,"med":0.008409,"max":70.812093,"p(90)":0.022720099999999976,"p(95)":0.10524554999999923}},"http_req_tls_handshaking":{"type":"trend","contains":"time","values":{"avg":0,"min":0,"med":0,"max":0,"p(90)":0,"p(95)":0}},"http_req_receiving":{"type":"trend","contains":"time","values":{"min":0.011667,"med":0.0362735,"max":207.424909,"p(90)":0.46035319999999996,"p(95)":1.0234040499999986,"avg":0.33952458233001387}},"http_req_duration":{"type":"trend","contains":"time","values":{"med":39.14821,"max":393.537409,"p(90)":95.2847914,"p(95)":115.12667014999961,"avg":47.70673677587335,"min":0.789234}},"http_req_waiting":{"contains":"time","values":{"p(90)":94.38263579999996,"p(95)":113.99045154999999,"avg":47.33116607404849,"min":0.753069,"med":38.917255999999995,"max":367.322124},"type":"trend"},"vus":{"type":"gauge","contains":"default","values":{"min":200,"max":200,"value":200}},"http_req_failed":{"type":"rate","contains":"default","values":{"rate":0,"passes":0,"fails":600000}},"vus_max":{"type":"gauge","contains":"default","values":{"max":200,"value":200,"min":200}},"http_req_blocked":{"values":{"med":0.003011,"max":23.729659,"p(90)":0.004492,"p(95)":0.006116,"avg":0.00921159872166724,"min":0.001329},"type":"trend","contains":"time"},"http_reqs":{"type":"counter","contains":"default","values":{"count":600000,"rate":4179.349814399419}},"http_req_duration{expected_response:true}":{"type":"trend","contains":"time","values":{"avg":47.70673677587335,"min":0.789234,"med":39.14821,"max":393.537409,"p(90)":95.2847914,"p(95)":115.12667014999961}},"data_sent":{"type":"counter","contains":"data","values":{"count":96900000,"rate":674964.9950255062}},"iteration_duration":{"type":"trend","contains":"time","values":{"avg":287.0128227355202,"min":52.436018,"med":281.81722049999996,"max":829.956563,"p(90)":375.0075904,"p(95)":408.01505504999994}},"iterations":{"type":"counter","contains":"default","values":{"count":100000,"rate":696.5583023999033}},"checks":{"type":"rate","contains":"default","values":{"rate":1,"passes":600000,"fails":0}},"data_received":{"type":"counter","contains":"data","values":{"rate":54136511.26252048,"count":7772000000}}},"root_group":{"checks":[{"name":"status was 200","path":"::status was 200","id":"1461660757a913d4fb82ac4c5e1009de","passes":600000,"fails":0}],"name":"","path":"","id":"d41d8cd98f00b204e9800998ecf8427e","groups":[]},"options":{"summaryTrendStats":["avg","min","med","max","p(90)","p(95)"],"summaryTimeUnit":"","noColor":false},"state":{"isStdOutTTY":true,"isStdErrTTY":true,"testRunDurationMs":143563.000621}}