{"options":{"summaryTrendStats":["avg","min","med","max","p(90)","p(95)"],"summaryTimeUnit":"","noColor":false},"state":{"isStdErrTTY":true,"testRunDurationMs":212292.379952,"isStdOutTTY":true},"metrics":{"http_req_receiving":{"type":"trend","contains":"time","values":{"avg":1.66517798900163,"min":-3.208833,"med":0.034401,"max":391.382462,"p(90)":2.5483634999999984,"p(95)":6.443464949999975}},"http_req_connecting":{"type":"trend","contains":"time","values":{"avg":0.00010473613500000005,"min":0,"med":0,"max":4.886845,"p(90)":0,"p(95)":0}},"http_req_failed":{"type":"rate","contains":"default","values":{"rate":0,"passes":0,"fails":600000}},"iteration_duration":{"type":"trend","contains":"time","values":{"p(90)":706.1302672000002,"p(95)":817.4365114,"avg":424.3732091059494,"min":100.009558,"med":377.8928325,"max":1764.478052}},"http_req_tls_handshaking":{"type":"trend","contains":"time","values":{"avg":0,"min":0,"med":0,"max":0,"p(90)":0,"p(95)":0}},"http_req_sending":{"type":"trend","contains":"time","values":{"p(90)":0.027501,"p(95)":0.0351,"avg":0.016620771588334915,"min":0.0031,"med":0.0074,"max":29.17863}},"vus_max":{"type":"gauge","contains":"default","values":{"value":200,"min":200,"max":200}},"data_sent":{"type":"counter","contains":"data","values":{"count":54300000,"rate":255779.31724293358}},"iterations":{"values":{"count":100000,"rate":471.0484663774099},"type":"counter","contains":"default"},"http_req_duration":{"type":"trend","contains":"time","values":{"p(90)":172.58541369999995,"p(95)":221.6579947499996,"avg":70.62108297877003,"min":1.029931,"med":46.315403,"max":888.118483}},"data_received":{"contains":"data","values":{"count":7772000000,"rate":36609886.806852296},"type":"counter"},"checks":{"type":"rate","contains":"default","values":{"rate":1,"passes":600000,"fails":0}},"vus":{"type":"gauge","contains":"default","values":{"max":200,"value":200,"min":200}},"http_req_duration{expected_response:true}":{"values":{"p(95)":221.6579947499996,"avg":70.62108297877003,"min":1.029931,"med":46.315403,"max":888.118483,"p(90)":172.58541369999995},"type":"trend","contains":"time"},"http_req_blocked":{"type":"trend","contains":"time","values":{"p(95)":0.0122,"avg":0.004505363118336031,"min":0.001,"med":0.0027,"max":13.092698,"p(90)":0.0086}},"http_req_waiting":{"type":"trend","contains":"time","values":{"p(90)":169.8085103,"p(95)":214.0391120499997,"avg":68.93928421817716,"min":0.99483,"med":45.399126499999994,"max":866.615816}},"http_reqs":{"type":"counter","contains":"default","values":{"rate":2826.290798264459,"count":600000}}},"root_group":{"name":"","path":"","id":"d41d8cd98f00b204e9800998ecf8427e","groups":[],"checks":[{"fails":0,"name":"status was 200","path":"::status was 200","id":"1461660757a913d4fb82ac4c5e1009de","passes":600000}]}}