{"state":{"isStdOutTTY":true,"isStdErrTTY":true,"testRunDurationMs":123052.6445},"metrics":{"http_req_tls_handshaking":{"type":"trend","contains":"time","values":{"avg":0,"min":0,"med":0,"max":0,"p(90)":0,"p(95)":0}},"data_sent":{"type":"counter","contains":"data","values":{"count":38010000,"rate":308892.18313386186}},"http_req_blocked":{"type":"trend","contains":"time","values":{"p(90)":0.0062,"p(95)":0.0116,"avg":0.004362187142859468,"min":0.0013,"med":0.003,"max":14.2713}},"http_req_failed":{"type":"rate","contains":"default","values":{"passes":0,"fails":420000,"rate":0}},"iterations":{"values":{"count":70000,"rate":568.862215716136},"type":"counter","contains":"default"},"vus_max":{"type":"gauge","contains":"default","values":{"value":200,"min":200,"max":200}},"http_req_receiving":{"type":"trend","contains":"time","values":{"avg":1.2449272085713385,"min":0.0095,"med":0.0317,"max":492.127,"p(90)":2.0614,"p(95)":5.061004999999999}},"checks":{"type":"rate","contains":"default","values":{"rate":1,"passes":420000,"fails":0}},"data_received":{"type":"counter","contains":"data","values":{"rate":44211971.40545809,"count":5440400000}},"iteration_duration":{"type":"trend","contains":"time","values":{"avg":341.9394692285742,"min":7.8974,"med":294.94765,"max":1129.4682,"p(90)":554.05962,"p(95)":641.0424950000003}},"http_req_sending":{"type":"trend","contains":"time","values":{"p(90)":0.0198,"p(95)":0.0327,"avg":0.014763040952388623,"min":0.0034,"med":0.0075,"max":24.4002}},"http_req_connecting":{"type":"trend","contains":"time","values":{"avg":0.00019988166666666673,"min":0,"med":0,"max":4.3237,"p(90)":0,"p(95)":0}},"http_reqs":{"contains":"default","values":{"count":420000,"rate":3413.173294296816},"type":"counter"},"http_req_duration":{"type":"trend","contains":"time","values":{"med":38.31685,"max":810.9227,"p(90)":104.69770000000003,"p(95)":175.46382999999997,"avg":56.896540855715784,"min":0.9041}},"http_req_waiting":{"values":{"med":37.1968,"max":803.8679,"p(90)":102.77484000000004,"p(95)":172.1545349999999,"avg":55.63685060619161,"min":0.8606},"type":"trend","contains":"time"},"vus":{"type":"gauge","contains":"default","values":{"value":8,"min":8,"max":200}},"http_req_duration{expected_response:true}":{"type":"trend","contains":"time","values":{"p(90)":104.69770000000003,"p(95)":175.46382999999997,"avg":56.896540855715784,"min":0.9041,"med":38.31685,"max":810.9227}}},"root_group":{"name":"","path":"","id":"d41d8cd98f00b204e9800998ecf8427e","groups":[],"checks":[{"id":"1461660757a913d4fb82ac4c5e1009de","passes":420000,"fails":0,"name":"status was 200","path":"::status was 200"}]},"options":{"summaryTrendStats":["avg","min","med","max","p(90)","p(95)"],"summaryTimeUnit":"","noColor":false}}