{"state":{"isStdOutTTY":true,"isStdErrTTY":true,"testRunDurationMs":160200.3468},"metrics":{"http_req_tls_handshaking":{"type":"trend","contains":"time","values":{"min":0,"med":0,"max":0,"p(90)":0,"p(95)":0,"avg":0}},"http_req_receiving":{"type":"trend","contains":"time","values":{"min":0.0095,"med":0.0383,"max":314.3637,"p(90)":2.6597200000000067,"p(95)":6.664924999999994,"avg":1.793891081190491}},"http_req_failed":{"contains":"default","values":{"rate":0,"passes":0,"fails":420000},"type":"rate"},"http_req_waiting":{"type":"trend","contains":"time","values":{"min":0.8889,"med":53.31045,"max":719.8182,"p(90)":178.53628000000012,"p(95)":217.89969999999997,"avg":72.45478575095291}},"data_received":{"type":"counter","contains":"data","values":{"count":5440400000,"rate":33959976.42122457}},"http_req_duration":{"type":"trend","contains":"time","values":{"max":771.1332,"p(90)":181.04964000000015,"p(95)":226.01756999999992,"avg":74.26521329166614,"min":0.9115,"med":53.95185}},"checks":{"contains":"default","values":{"fails":0,"rate":1,"passes":420000},"type":"rate"},"vus_max":{"type":"gauge","contains":"default","values":{"max":200,"value":200,"min":200}},"http_req_connecting":{"type":"trend","contains":"time","values":{"med":0,"max":4.0405,"p(90)":0,"p(95)":0,"avg":0.00010111809523809516,"min":0}},"http_req_blocked":{"type":"trend","contains":"time","values":{"avg":0.005158141666668791,"min":0.0013,"med":0.0031,"max":6.7864,"p(90)":0.0113,"p(95)":0.0145}},"iterations":{"type":"counter","contains":"default","values":{"count":70000,"rate":436.9528618273877}},"http_reqs":{"type":"counter","contains":"default","values":{"count":420000,"rate":2621.717170964326}},"data_sent":{"contains":"data","values":{"count":38010000,"rate":237265.40397227154},"type":"counter"},"http_req_sending":{"contains":"time","values":{"max":18.3195,"p(90)":0.0312,"p(95)":0.0378,"avg":0.016536459523817403,"min":0.0034,"med":0.0079},"type":"trend"},"vus":{"type":"gauge","contains":"default","values":{"max":200,"value":24,"min":24}},"http_req_duration{expected_response:true}":{"type":"trend","contains":"time","values":{"p(90)":181.04964000000015,"p(95)":226.01756999999992,"avg":74.26521329166614,"min":0.9115,"med":53.95185,"max":771.1332}},"iteration_duration":{"type":"trend","contains":"time","values":{"p(90)":723.3406799999999,"p(95)":813.073705,"avg":446.26990957857254,"min":9.5117,"med":398.0624,"max":1598.563}}},"root_group":{"name":"","path":"","id":"d41d8cd98f00b204e9800998ecf8427e","groups":[],"checks":[{"fails":0,"name":"status was 200","path":"::status was 200","id":"1461660757a913d4fb82ac4c5e1009de","passes":420000}]},"options":{"summaryTrendStats":["avg","min","med","max","p(90)","p(95)"],"summaryTimeUnit":"","noColor":false}}