{"state":{"isStdErrTTY":true,"testRunDurationMs":121242.618,"isStdOutTTY":true},"metrics":{"http_reqs":{"type":"counter","contains":"default","values":{"count":486000,"rate":4008.4914695589964}},"http_req_waiting":{"type":"trend","contains":"time","values":{"med":58.42785,"max":780.6133,"p(90)":110.91637000000006,"p(95)":177.07601499999993,"avg":70.10874078683197,"min":1.1876}},"checks":{"type":"rate","contains":"default","values":{"rate":1,"passes":486000,"fails":0}},"http_req_duration{expected_response:true}":{"type":"trend","contains":"time","values":{"avg":71.39084137489556,"min":1.2245,"med":59.023250000000004,"max":794.2928,"p(90)":114.51761,"p(95)":178.9863299999999}},"http_req_blocked":{"type":"trend","contains":"time","values":{"p(95)":0.0059,"avg":0.005671625102884822,"min":0.0013,"med":0.0029,"max":71.4159,"p(90)":0.0042}},"iteration_duration":{"type":"trend","contains":"time","values":{"p(90)":624.6902500000001,"p(95)":727.78889,"avg":428.8373243567845,"min":10.3607,"med":389.26685,"max":1395.9042}},"vus":{"values":{"value":31,"min":31,"max":300},"type":"gauge","contains":"default"},"http_req_receiving":{"contains":"time","values":{"avg":1.270373758436121,"min":0.0091,"med":0.03,"max":296.9043,"p(90)":3.102340000000014,"p(95)":7.116529999999993},"type":"trend"},"vus_max":{"contains":"default","values":{"value":300,"min":300,"max":300},"type":"gauge"},"http_req_failed":{"type":"rate","contains":"default","values":{"rate":0,"passes":0,"fails":486000}},"http_req_sending":{"type":"trend","contains":"time","values":{"avg":0.011726829629638051,"min":0.0033,"med":0.0072,"max":68.8025,"p(90)":0.0115,"p(95)":0.0242}},"data_received":{"contains":"data","values":{"rate":51923326.16902087,"count":6295320000},"type":"counter"},"http_req_duration":{"values":{"p(95)":178.9863299999999,"avg":71.39084137489556,"min":1.2245,"med":59.023250000000004,"max":794.2928,"p(90)":114.51761},"type":"trend","contains":"time"},"http_req_tls_handshaking":{"type":"trend","contains":"time","values":{"max":0,"p(90)":0,"p(95)":0,"avg":0,"min":0,"med":0}},"iterations":{"type":"counter","contains":"default","values":{"rate":668.0819115931661,"count":81000}},"http_req_connecting":{"type":"trend","contains":"time","values":{"avg":0.0019743261316872425,"min":0,"med":0,"max":67.5251,"p(90)":0,"p(95)":0}},"data_sent":{"values":{"count":43983000,"rate":362768.4779950892},"type":"counter","contains":"data"}},"root_group":{"id":"d41d8cd98f00b204e9800998ecf8427e","groups":[],"checks":[{"passes":486000,"fails":0,"name":"status was 200","path":"::status was 200","id":"1461660757a913d4fb82ac4c5e1009de"}],"name":"","path":""},"options":{"summaryTrendStats":["avg","min","med","max","p(90)","p(95)"],"summaryTimeUnit":"","noColor":false}}