{"state":{"isStdOutTTY":true,"isStdErrTTY":true,"testRunDurationMs":159755.4832},"metrics":{"data_received":{"type":"counter","contains":"data","values":{"count":6295320000,"rate":39405971.38765376}},"http_req_failed":{"contains":"default","values":{"rate":0,"passes":0,"fails":486000},"type":"rate"},"vus_max":{"type":"gauge","contains":"default","values":{"max":300,"value":300,"min":300}},"data_sent":{"type":"counter","contains":"data","values":{"rate":275314.49386896536,"count":43983000}},"http_req_connecting":{"contains":"time","values":{"p(95)":0,"avg":0.003145175102880658,"min":0,"med":0,"max":76.7086,"p(90)":0},"type":"trend"},"http_req_duration{expected_response:true}":{"type":"trend","contains":"time","values":{"max":885.8843,"p(90)":202.33197,"p(95)":276.32560499999994,"avg":94.62200643539062,"min":1.1501,"med":68.857}},"http_req_tls_handshaking":{"type":"trend","contains":"time","values":{"p(90)":0,"p(95)":0,"avg":0,"min":0,"med":0,"max":0}},"iteration_duration":{"type":"trend","contains":"time","values":{"min":11.7121,"med":530.7279000000001,"max":1804.5865,"p(90)":859.1025500000002,"p(95)":981.6498200000001,"avg":568.3430957666698}},"http_req_blocked":{"type":"trend","contains":"time","values":{"avg":0.007916917901242087,"min":0.0013,"med":0.0029,"max":76.7441,"p(90)":0.0068,"p(95)":0.0125}},"checks":{"values":{"rate":1,"passes":486000,"fails":0},"type":"rate","contains":"default"},"http_req_duration":{"contains":"time","values":{"avg":94.62200643539062,"min":1.1501,"med":68.857,"max":885.8843,"p(90)":202.33197,"p(95)":276.32560499999994},"type":"trend"},"iterations":{"type":"counter","contains":"default","values":{"count":81000,"rate":507.02485058741325}},"http_req_sending":{"contains":"time","values":{"med":0.0075,"max":21.0625,"p(90)":0.0233,"p(95)":0.0345,"avg":0.014836031893013486,"min":0.0035},"type":"trend"},"http_reqs":{"type":"counter","contains":"default","values":{"count":486000,"rate":3042.1491035244794}},"vus":{"type":"gauge","contains":"default","values":{"value":53,"min":53,"max":300}},"http_req_receiving":{"type":"trend","contains":"time","values":{"avg":1.9956783956789963,"min":0.0096,"med":0.0352,"max":560.2972,"p(90)":4.3195,"p(95)":10.013214999999995}},"http_req_waiting":{"type":"trend","contains":"time","values":{"p(95)":270.452625,"avg":92.61149200781736,"min":1.1023,"med":68.1588,"max":815.9705,"p(90)":199.83183000000005}}},"root_group":{"groups":[],"checks":[{"path":"::status was 200","id":"1461660757a913d4fb82ac4c5e1009de","passes":486000,"fails":0,"name":"status was 200"}],"name":"","path":"","id":"d41d8cd98f00b204e9800998ecf8427e"},"options":{"summaryTrendStats":["avg","min","med","max","p(90)","p(95)"],"summaryTimeUnit":"","noColor":false}}