{"root_group":{"id":"d41d8cd98f00b204e9800998ecf8427e","groups":[],"checks":[{"id":"1461660757a913d4fb82ac4c5e1009de","passes":600000,"fails":0,"name":"status was 200","path":"::status was 200"}],"name":"","path":""},"options":{"noColor":false,"summaryTrendStats":["avg","min","med","max","p(90)","p(95)"],"summaryTimeUnit":""},"state":{"isStdOutTTY":true,"isStdErrTTY":true,"testRunDurationMs":129736.1066},"metrics":{"http_req_duration{expected_response:true}":{"type":"trend","contains":"time","values":{"p(95)":169.13212999999996,"avg":104.31167030649783,"min":1.6249,"med":98.95035,"max":922.6133,"p(90)":147.88275}},"http_req_blocked":{"values":{"avg":0.13309765383394762,"min":0.0013,"med":0.003,"max":1127.4597,"p(90)":0.0043,"p(95)":0.0051},"type":"trend","contains":"time"},"http_req_duration":{"type":"trend","contains":"time","values":{"p(90)":147.88275,"p(95)":169.13212999999996,"avg":104.31167030649783,"min":1.6249,"med":98.95035,"max":922.6133}},"http_req_connecting":{"type":"trend","contains":"time","values":{"med":0,"max":1013.1067,"p(90)":0,"p(95)":0,"avg":0.1281257683333333,"min":0}},"http_req_tls_handshaking":{"values":{"min":0,"med":0,"max":0,"p(90)":0,"p(95)":0,"avg":0},"type":"trend","contains":"time"},"http_req_waiting":{"contains":"time","values":{"p(95)":159.49901999999997,"avg":102.2740817111685,"min":1.5588,"med":98.31875,"max":886.0407,"p(90)":141.11622999999997},"type":"trend"},"checks":{"type":"rate","contains":"default","values":{"rate":1,"passes":600000,"fails":0}},"iteration_duration":{"type":"trend","contains":"time","values":{"avg":627.1303105019985,"min":53.4022,"med":611.37115,"max":2483.2235,"p(90)":721.20942,"p(95)":785.192605}},"http_req_failed":{"type":"rate","contains":"default","values":{"rate":0,"passes":0,"fails":600000}},"http_reqs":{"type":"counter","contains":"default","values":{"count":600000,"rate":4624.772669106751}},"http_req_sending":{"type":"trend","contains":"time","values":{"avg":0.014248384833343052,"min":0.0035,"med":0.0077,"max":28.7679,"p(90)":0.0114,"p(95)":0.0155}},"vus_max":{"type":"gauge","contains":"default","values":{"value":500,"min":500,"max":500}},"data_sent":{"type":"counter","contains":"data","values":{"count":54300000,"rate":418541.926554161}},"http_req_receiving":{"type":"trend","contains":"time","values":{"avg":2.023340210499942,"min":-0.2936,"med":0.0307,"max":232.8234,"p(90)":7.31003999999999,"p(95)":13.717504999999992}},"iterations":{"values":{"count":100000,"rate":770.7954448511252},"type":"counter","contains":"default"},"vus":{"values":{"max":500,"value":71,"min":71},"type":"gauge","contains":"default"},"data_received":{"type":"counter","contains":"data","values":{"count":7772000000,"rate":59906221.97382945}}}}