{
    "state": {
        "isStdOutTTY": true,
        "isStdErrTTY": true,
        "testRunDurationMs": 7105.3247
    },
    "metrics": {
        "http_req_receiving": {
            "type": "trend",
            "contains": "time",
            "values": {
                "min": 0.0097,
                "med": 0.0268,
                "max": 432.8274,
                "p(90)": 9.877840000000004,
                "p(95)": 25.058684999999997,
                "avg": 3.917368680000023
            }
        },
        "http_req_sending": {
            "type": "trend",
            "contains": "time",
            "values": {
                "avg": 0.06701475333334085,
                "min": 0.0034,
                "med": 0.0067,
                "max": 28.8697,
                "p(90)": 0.0105,
                "p(95)": 0.0245
            }
        },
        "data_received": {
            "type": "counter",
            "contains": "data",
            "values": {
                "count": 388600000,
                "rate": 54691378.14349287
            }
        },
        "http_req_duration{expected_response:true}": {
            "type": "trend",
            "contains": "time",
            "values": {
                "p(90)": 172.71531000000002,
                "p(95)": 323.0961449999999,
                "avg": 113.29910957333337,
                "min": 1.6136,
                "med": 88.195,
                "max": 948.5449
            }
        },
        "http_reqs": {
            "type": "counter",
            "contains": "default",
            "values": {
                "rate": 4222.185651839388,
                "count": 30000
            }
        },
        "http_req_waiting": {
            "type": "trend",
            "contains": "time",
            "values": {
                "p(95)": 318.16301999999996,
                "avg": 109.3147261399998,
                "min": 1.5657,
                "med": 87.2541,
                "max": 933.5737,
                "p(90)": 162.33086
            }
        },
        "iteration_duration": {
            "type": "trend",
            "contains": "time",
            "values": {
                "min": 82.8988,
                "med": 596.2039500000001,
                "max": 1805.018,
                "p(90)": 1135.09607,
                "p(95)": 1293.44242,
                "avg": 683.3852616600004
            }
        },
        "data_sent": {
            "type": "counter",
            "contains": "data",
            "values": {
                "count": 2715000,
                "rate": 382107.8014914646
            }
        },
        "vus_max": {
            "type": "gauge",
            "contains": "default",
            "values": {
                "value": 500,
                "min": 500,
                "max": 500
            }
        },
        "http_req_duration": {
            "type": "trend",
            "contains": "time",
            "values": {
                "avg": 113.29910957333337,
                "min": 1.6136,
                "med": 88.195,
                "max": 948.5449,
                "p(90)": 172.71531000000002,
                "p(95)": 323.0961449999999
            }
        },
        "vus": {
            "type": "gauge",
            "contains": "default",
            "values": {
                "value": 265,
                "min": 265,
                "max": 500
            }
        },
        "iterations": {
            "type": "counter",
            "contains": "default",
            "values": {
                "count": 5000,
                "rate": 703.6976086398979
            }
        },
        "http_req_failed": {
            "type": "rate",
            "contains": "default",
            "values": {
                "fails": 30000,
                "rate": 0,
                "passes": 0
            }
        },
        "http_req_blocked": {
            "type": "trend",
            "contains": "time",
            "values": {
                "med": 0.0027,
                "max": 75.0609,
                "p(90)": 0.004,
                "p(95)": 0.0053,
                "avg": 0.5220572066666235,
                "min": 0.0013
            }
        },
        "http_req_tls_handshaking": {
            "type": "trend",
            "contains": "time",
            "values": {
                "med": 0,
                "max": 0,
                "p(90)": 0,
                "p(95)": 0,
                "avg": 0,
                "min": 0
            }
        },
        "http_req_connecting": {
            "type": "trend",
            "contains": "time",
            "values": {
                "p(95)": 0,
                "avg": 0.5024360466666666,
                "min": 0,
                "med": 0,
                "max": 74.6991,
                "p(90)": 0
            }
        },
        "checks": {
            "type": "rate",
            "contains": "default",
            "values": {
                "rate": 1,
                "passes": 30000,
                "fails": 0
            }
        }
    },
    "root_group": {
        "checks": [
            {
                "name": "status was 200",
                "path": "::status was 200",
                "id": "1461660757a913d4fb82ac4c5e1009de",
                "passes": 30000,
                "fails": 0
            }
        ],
        "name": "",
        "path": "",
        "id": "d41d8cd98f00b204e9800998ecf8427e",
        "groups": []
    },
    "options": {
        "noColor": false,
        "summaryTrendStats": [
            "avg",
            "min",
            "med",
            "max",
            "p(90)",
            "p(95)"
        ],
        "summaryTimeUnit": ""
    }
}