{"state":{"isStdOutTTY":true,"isStdErrTTY":true,"testRunDurationMs":6037.4333},"metrics":{"data_received":{"values":{"count":388600000,"rate":64365100.315062694},"type":"counter","contains":"data"},"http_req_blocked":{"type":"trend","contains":"time","values":{"avg":1.6105270799999156,"min":0.0013,"med":0.0026,"max":1147.4102,"p(90)":0.004,"p(95)":0.0054}},"http_req_tls_handshaking":{"type":"trend","contains":"time","values":{"p(90)":0,"p(95)":0,"avg":0,"min":0,"med":0,"max":0}},"http_req_sending":{"type":"trend","contains":"time","values":{"avg":0.024729996666664877,"min":0.0036,"med":0.0067,"max":112.0937,"p(90)":0.0107,"p(95)":0.025504999999999927}},"http_reqs":{"type":"counter","contains":"default","values":{"count":30000,"rate":4968.998994986827}},"data_sent":{"values":{"count":2715000,"rate":449694.4090463078},"type":"counter","contains":"data"},"iterations":{"type":"counter","contains":"default","values":{"count":5000,"rate":828.1664991644711}},"iteration_duration":{"type":"trend","contains":"time","values":{"min":113.1004,"med":533.8152,"max":1711.3588,"p(90)":683.65508,"p(95)":778.521025,"avg":545.0520861200004}},"http_req_failed":{"type":"rate","contains":"default","values":{"rate":0,"passes":0,"fails":30000}},"http_req_connecting":{"type":"trend","contains":"time","values":{"min":0,"med":0,"max":1147.3755,"p(90)":0,"p(95)":0,"avg":1.5979206800000005}},"http_req_duration{expected_response:true}":{"type":"trend","contains":"time","values":{"avg":89.15295840999916,"min":1.6195,"med":81.91425000000001,"max":583.4385,"p(90)":136.78125000000006,"p(95)":157.66322}},"http_req_waiting":{"type":"trend","contains":"time","values":{"avg":86.8854810099998,"min":1.5791,"med":81.29245,"max":583.3553,"p(90)":132.02498,"p(95)":152.12651999999997}},"vus_max":{"type":"gauge","contains":"default","values":{"value":500,"min":500,"max":500}},"vus":{"type":"gauge","contains":"default","values":{"value":42,"min":42,"max":500}},"checks":{"contains":"default","values":{"rate":1,"passes":30000,"fails":0},"type":"rate"},"http_req_duration":{"type":"trend","contains":"time","values":{"med":81.91425000000001,"max":583.4385,"p(90)":136.78125000000006,"p(95)":157.66322,"avg":89.15295840999916,"min":1.6195}},"http_req_receiving":{"type":"trend","contains":"time","values":{"max":398.5433,"p(90)":6.2336100000000005,"p(95)":13.056829999999998,"avg":2.2427474033333183,"min":0.0097,"med":0.0267}}},"root_group":{"name":"","path":"","id":"d41d8cd98f00b204e9800998ecf8427e","groups":[],"checks":[{"id":"1461660757a913d4fb82ac4c5e1009de","passes":30000,"fails":0,"name":"status was 200","path":"::status was 200"}]},"options":{"summaryTrendStats":["avg","min","med","max","p(90)","p(95)"],"summaryTimeUnit":"","noColor":false}}