{"state":{"testRunDurationMs":4665.8636,"isStdOutTTY":true,"isStdErrTTY":true},"metrics":{"vus_max":{"values":{"value":300,"min":300,"max":300},"type":"gauge","contains":"default"},"vus":{"type":"gauge","contains":"default","values":{"max":300,"value":219,"min":219}},"http_reqs":{"type":"counter","contains":"default","values":{"count":18000,"rate":3857.8067305696636}},"http_req_connecting":{"type":"trend","contains":"time","values":{"avg":0.07104424999999999,"min":0,"med":0,"max":100.7053,"p(90)":0,"p(95)":0}},"checks":{"type":"rate","contains":"default","values":{"rate":1,"passes":18000,"fails":0}},"http_req_failed":{"type":"rate","contains":"default","values":{"rate":0,"passes":0,"fails":18000}},"data_sent":{"contains":"data","values":{"count":1629000,"rate":349131.5091165546},"type":"counter"},"http_req_duration":{"type":"trend","contains":"time","values":{"p(90)":122.52711000000001,"p(95)":180.91634499999986,"avg":70.74017894444457,"min":1.2198,"med":56.3048,"max":515.5246}},"http_req_duration{expected_response:true}":{"type":"trend","contains":"time","values":{"min":1.2198,"med":56.3048,"max":515.5246,"p(90)":122.52711000000001,"p(95)":180.91634499999986,"avg":70.74017894444457}},"http_req_blocked":{"type":"trend","contains":"time","values":{"max":100.7404,"p(90)":0.0059,"p(95)":0.0128,"avg":0.08407669444444492,"min":0.0014,"med":0.0028}},"http_req_sending":{"values":{"p(95)":0.0346,"avg":0.019843505555555516,"min":0.0036,"med":0.0072,"max":14.1102,"p(90)":0.0208},"type":"trend","contains":"time"},"data_received":{"values":{"count":233160000,"rate":49971456.51664571},"type":"counter","contains":"data"},"iterations":{"type":"counter","contains":"default","values":{"rate":642.9677884282772,"count":3000}},"http_req_tls_handshaking":{"type":"trend","contains":"time","values":{"max":0,"p(90)":0,"p(95)":0,"avg":0,"min":0,"med":0}},"http_req_waiting":{"contains":"time","values":{"p(95)":179.03652,"avg":69.39013738333317,"min":1.183,"med":55.73455,"max":499.3831,"p(90)":115.84436000000001},"type":"trend"},"http_req_receiving":{"type":"trend","contains":"time","values":{"max":118.5988,"p(90)":3.094600000000001,"p(95)":7.661289999999994,"avg":1.3301980555555477,"min":0.0098,"med":0.0327}},"iteration_duration":{"type":"trend","contains":"time","values":{"avg":425.47102503333355,"min":73.9736,"med":365.90925000000004,"max":1203.7302,"p(90)":688.33092,"p(95)":802.2519749999992}}},"root_group":{"name":"","path":"","id":"d41d8cd98f00b204e9800998ecf8427e","groups":[],"checks":[{"path":"::status was 200","id":"1461660757a913d4fb82ac4c5e1009de","passes":18000,"fails":0,"name":"status was 200"}]},"options":{"summaryTrendStats":["avg","min","med","max","p(90)","p(95)"],"summaryTimeUnit":"","noColor":false}}