{"metrics":{"data_sent":{"values":{"count":543000,"rate":328450.5896897848},"type":"counter","contains":"data"},"http_reqs":{"type":"counter","contains":"default","values":{"count":6000,"rate":3629.2882838650253}},"vus":{"type":"gauge","contains":"default","values":{"value":100,"min":100,"max":100}},"http_req_receiving":{"type":"trend","contains":"time","values":{"min":0.0097,"med":0.0282,"max":88.5343,"p(90)":1.486380000000002,"p(95)":3.246725,"avg":0.7071393333333308}},"iterations":{"values":{"count":1000,"rate":604.8813806441708},"type":"counter","contains":"default"},"http_req_waiting":{"type":"trend","contains":"time","values":{"min":0.8999,"med":12.515799999999999,"max":167.1141,"p(90)":69.167,"p(95)":86.94318000000014,"avg":26.10047348333334}},"http_req_duration":{"type":"trend","contains":"time","values":{"avg":26.830372500000053,"min":0.9264,"med":12.825949999999999,"max":177.6995,"p(90)":71.24984,"p(95)":93.10864000000002}},"vus_max":{"type":"gauge","contains":"default","values":{"value":100,"min":100,"max":100}},"iteration_duration":{"type":"trend","contains":"time","values":{"avg":161.55123369999995,"min":14.0926,"med":167.1983,"max":299.5493,"p(90)":260.37392,"p(95)":268.141565}},"http_req_connecting":{"values":{"p(90)":0,"p(95)":0,"avg":0.006017749999999998,"min":0,"med":0,"max":1.3811},"type":"trend","contains":"time"},"http_req_sending":{"type":"trend","contains":"time","values":{"avg":0.022759683333333412,"min":0.0036,"med":0.0073,"max":13.7211,"p(90)":0.012910000000000036,"p(95)":0.028805000000000018}},"http_req_failed":{"type":"rate","contains":"default","values":{"rate":0,"passes":0,"fails":6000}},"checks":{"type":"rate","contains":"default","values":{"rate":1,"passes":6000,"fails":0}},"http_req_duration{expected_response:true}":{"type":"trend","contains":"time","values":{"min":0.9264,"med":12.825949999999999,"max":177.6995,"p(90)":71.24984,"p(95)":93.10864000000002,"avg":26.830372500000053}},"http_req_blocked":{"values":{"avg":0.010587049999999983,"min":0.0014,"med":0.0029,"max":1.489,"p(90)":0.0047,"p(95)":0.009205000000000019},"type":"trend","contains":"time"},"http_req_tls_handshaking":{"type":"trend","contains":"time","values":{"avg":0,"min":0,"med":0,"max":0,"p(90)":0,"p(95)":0}},"data_received":{"type":"counter","contains":"data","values":{"rate":47011380.90366496,"count":77720000}}},"root_group":{"checks":[{"name":"status was 200","path":"::status was 200","id":"1461660757a913d4fb82ac4c5e1009de","passes":6000,"fails":0}],"name":"","path":"","id":"d41d8cd98f00b204e9800998ecf8427e","groups":[]},"options":{"summaryTimeUnit":"","noColor":false,"summaryTrendStats":["avg","min","med","max","p(90)","p(95)"]},"state":{"isStdOutTTY":true,"isStdErrTTY":true,"testRunDurationMs":1653.2167}}