{"state":{"isStdOutTTY":true,"isStdErrTTY":true,"testRunDurationMs":1764.0641},"metrics":{"iteration_duration":{"type":"trend","contains":"time","values":{"p(95)":411.015675,"avg":163.20961689999976,"min":24.3438,"med":129.2198,"max":519.6971,"p(90)":276.88257000000004}},"http_req_duration{expected_response:true}":{"type":"trend","contains":"time","values":{"med":12.9858,"max":191.1114,"p(90)":72.72756000000004,"p(95)":89.79067500000004,"avg":27.090500583333284,"min":1.0012}},"checks":{"type":"rate","contains":"default","values":{"rate":1,"passes":6000,"fails":0}},"data_sent":{"type":"counter","contains":"data","values":{"count":543000,"rate":307811.94402176206}},"http_req_sending":{"contains":"time","values":{"avg":0.02643195000000001,"min":0.0037,"med":0.0076,"max":11.9903,"p(90)":0.020010000000000038,"p(95)":0.0355},"type":"trend"},"data_received":{"type":"counter","contains":"data","values":{"count":77720000,"rate":44057355.96569309}},"http_req_receiving":{"type":"trend","contains":"time","values":{"avg":0.6957347333333314,"min":0.0096,"med":0.0297,"max":76.9015,"p(90)":1.249480000000001,"p(95)":2.3620600000000005}},"iterations":{"values":{"count":1000,"rate":566.8728250861179},"type":"counter","contains":"default"},"http_reqs":{"type":"counter","contains":"default","values":{"count":6000,"rate":3401.2369505167076}},"http_req_tls_handshaking":{"type":"trend","contains":"time","values":{"med":0,"max":0,"p(90)":0,"p(95)":0,"avg":0,"min":0}},"http_req_duration":{"type":"trend","contains":"time","values":{"min":1.0012,"med":12.9858,"max":191.1114,"p(90)":72.72756000000004,"p(95)":89.79067500000004,"avg":27.090500583333284}},"vus_max":{"type":"gauge","contains":"default","values":{"min":100,"max":100,"value":100}},"http_req_failed":{"contains":"default","values":{"rate":0,"passes":0,"fails":6000},"type":"rate"},"http_req_waiting":{"type":"trend","contains":"time","values":{"avg":26.36833389999995,"min":0.9672,"med":12.43055,"max":188.323,"p(90)":71.27516,"p(95)":87.55744500000003}},"vus":{"values":{"value":100,"min":100,"max":100},"type":"gauge","contains":"default"},"http_req_blocked":{"type":"trend","contains":"time","values":{"med":0.003,"max":7.4143,"p(90)":0.0056,"p(95)":0.012605000000000019,"avg":0.02176696666666645,"min":0.0014}},"http_req_connecting":{"values":{"p(95)":0,"avg":0.005945383333333333,"min":0,"med":0,"max":1.7986,"p(90)":0},"type":"trend","contains":"time"}},"root_group":{"path":"","id":"d41d8cd98f00b204e9800998ecf8427e","groups":[],"checks":[{"passes":6000,"fails":0,"name":"status was 200","path":"::status was 200","id":"1461660757a913d4fb82ac4c5e1009de"}],"name":""},"options":{"summaryTimeUnit":"","noColor":false,"summaryTrendStats":["avg","min","med","max","p(90)","p(95)"]}}