{"state":{"testRunDurationMs":1610.4872,"isStdOutTTY":true,"isStdErrTTY":true},"metrics":{"data_sent":{"type":"counter","contains":"data","values":{"count":543000,"rate":337165.0516688366}},"iterations":{"type":"counter","contains":"default","values":{"count":1000,"rate":620.9301135706015}},"http_req_duration{expected_response:true}":{"type":"trend","contains":"time","values":{"avg":25.54515411666661,"min":0.8171,"med":11.96045,"max":201.284,"p(90)":72.77630000000003,"p(95)":85.61557000000002}},"http_req_receiving":{"type":"trend","contains":"time","values":{"avg":0.706387383333331,"min":0.0097,"med":0.0307,"max":84.0831,"p(90)":1.3228,"p(95)":2.631280000000004}},"http_req_waiting":{"type":"trend","contains":"time","values":{"p(95)":85.13689000000001,"avg":24.808238100000075,"min":0.7537,"med":11.5683,"max":199.6214,"p(90)":71.97468}},"vus_max":{"type":"gauge","contains":"default","values":{"min":100,"max":100,"value":100}},"http_req_connecting":{"type":"trend","contains":"time","values":{"avg":0.0031736666666666675,"min":0,"med":0,"max":7.1539,"p(90)":0,"p(95)":0}},"iteration_duration":{"contains":"time","values":{"p(90)":295.48678,"p(95)":302.71707499999997,"avg":153.98245289999986,"min":8.3342,"med":122.01705,"max":372.2174},"type":"trend"},"http_req_tls_handshaking":{"type":"trend","contains":"time","values":{"med":0,"max":0,"p(90)":0,"p(95)":0,"avg":0,"min":0}},"http_reqs":{"type":"counter","contains":"default","values":{"count":6000,"rate":3725.5806814236093}},"data_received":{"type":"counter","contains":"data","values":{"count":77720000,"rate":48258688.42670715}},"http_req_failed":{"type":"rate","contains":"default","values":{"rate":0,"passes":0,"fails":6000}},"checks":{"type":"rate","contains":"default","values":{"rate":1,"passes":6000,"fails":0}},"vus":{"type":"gauge","contains":"default","values":{"value":100,"min":100,"max":100}},"http_req_sending":{"type":"trend","contains":"time","values":{"min":0.0037,"med":0.0076,"max":8.3493,"p(90)":0.0298,"p(95)":0.03842000000000007,"avg":0.03052863333333328}},"http_req_duration":{"values":{"p(95)":85.61557000000002,"avg":25.54515411666661,"min":0.8171,"med":11.96045,"max":201.284,"p(90)":72.77630000000003},"type":"trend","contains":"time"},"http_req_blocked":{"type":"trend","contains":"time","values":{"p(95)":0.0145,"avg":0.009729266666666734,"min":0.0014,"med":0.003,"max":7.2437,"p(90)":0.0085}}},"root_group":{"checks":[{"name":"status was 200","path":"::status was 200","id":"1461660757a913d4fb82ac4c5e1009de","passes":6000,"fails":0}],"name":"","path":"","id":"d41d8cd98f00b204e9800998ecf8427e","groups":[]},"options":{"summaryTrendStats":["avg","min","med","max","p(90)","p(95)"],"summaryTimeUnit":"","noColor":false}}