{
    "metrics": {
        "http_req_receiving": {
            "contains": "time",
            "values": {
                "avg": 2.310333814969265,
                "min": 0.0098,
                "med": 0.0303,
                "max": 287.7146,
                "p(90)": 7.085659999999998,
                "p(95)": 15.179074999999983
            },
            "type": "trend"
        },
        "data_received": {
            "type": "counter",
            "contains": "data",
            "values": {
                "count": 6911872760,
                "rate": 57451712.13771477
            }
        },
        "iterations": {
            "type": "counter",
            "contains": "default",
            "values": {
                "count": 88933,
                "rate": 739.2140007425987
            }
        },
        "http_req_sending": {
            "type": "trend",
            "contains": "time",
            "values": {
                "med": 0.0074,
                "max": 58.4656,
                "p(90)": 0.011,
                "p(95)": 0.0143,
                "avg": 0.021462412715175492,
                "min": 0.0034
            }
        },
        "iteration_duration": {
            "type": "trend",
            "contains": "time",
            "values": {
                "max": 1788.0487,
                "p(90)": 955.3365600000001,
                "p(95)": 1049.3801999999998,
                "avg": 675.4850085952407,
                "min": 272.7552,
                "med": 615.844
            }
        },
        "http_req_duration": {
            "type": "trend",
            "contains": "time",
            "values": {
                "p(90)": 177.34763999999998,
                "p(95)": 218.09476999999978,
                "avg": 112.42689052788734,
                "min": 2.0786,
                "med": 100.6831,
                "max": 724.0371
            }
        },
        "http_req_tls_handshaking": {
            "type": "trend",
            "contains": "time",
            "values": {
                "min": 0,
                "med": 0,
                "max": 0,
                "p(90)": 0,
                "p(95)": 0,
                "avg": 0
            }
        },
        "http_req_waiting": {
            "type": "trend",
            "contains": "time",
            "values": {
                "avg": 110.0950943002044,
                "min": 2.0412,
                "med": 99.6679,
                "max": 715.0203,
                "p(90)": 170.75931999999995,
                "p(95)": 210.93376999999987
            }
        },
        "data_sent": {
            "values": {
                "count": 48290619,
                "rate": 401393.20240323106
            },
            "type": "counter",
            "contains": "data"
        },
        "http_req_duration{expected_response:true}": {
            "type": "trend",
            "contains": "time",
            "values": {
                "med": 100.6831,
                "max": 724.0371,
                "p(90)": 177.34763999999998,
                "p(95)": 218.09476999999978,
                "avg": 112.42689052788734,
                "min": 2.0786
            }
        },
        "http_reqs": {
            "type": "counter",
            "contains": "default",
            "values": {
                "count": 533598,
                "rate": 4435.284004455592
            }
        },
        "http_req_failed": {
            "type": "rate",
            "contains": "default",
            "values": {
                "rate": 0,
                "passes": 0,
                "fails": 533598
            }
        },
        "http_req_connecting": {
            "type": "trend",
            "contains": "time",
            "values": {
                "avg": 0.07296176522400762,
                "min": 0,
                "med": 0,
                "max": 1033.2099,
                "p(90)": 0,
                "p(95)": 0
            }
        },
        "http_req_blocked": {
            "values": {
                "avg": 0.07663907004878864,
                "min": 0.0013,
                "med": 0.0029,
                "max": 1033.2486,
                "p(90)": 0.0043,
                "p(95)": 0.0051
            },
            "type": "trend",
            "contains": "time"
        },
        "vus_max": {
            "type": "gauge",
            "contains": "default",
            "values": {
                "value": 500,
                "min": 500,
                "max": 500
            }
        },
        "checks": {
            "type": "rate",
            "contains": "default",
            "values": {
                "rate": 1,
                "passes": 533598,
                "fails": 0
            }
        },
        "vus": {
            "type": "gauge",
            "contains": "default",
            "values": {
                "value": 500,
                "min": 500,
                "max": 500
            }
        }
    },
    "root_group": {
        "name": "",
        "path": "",
        "id": "d41d8cd98f00b204e9800998ecf8427e",
        "groups": [],
        "checks": [
            {
                "passes": 533598,
                "fails": 0,
                "name": "status was 200",
                "path": "::status was 200",
                "id": "1461660757a913d4fb82ac4c5e1009de"
            }
        ]
    },
    "options": {
        "summaryTrendStats": [
            "avg",
            "min",
            "med",
            "max",
            "p(90)",
            "p(95)"
        ],
        "summaryTimeUnit": "",
        "noColor": false
    },
    "state": {
        "testRunDurationMs": 120307.5157,
        "isStdOutTTY": true,
        "isStdErrTTY": true
    }
}