{"root_group":{"groups":[],"checks":[{"name":"status was 200","path":"::status was 200","id":"1461660757a913d4fb82ac4c5e1009de","passes":420000,"fails":0}],"name":"","path":"","id":"d41d8cd98f00b204e9800998ecf8427e"},"options":{"summaryTrendStats":["avg","min","med","max","p(90)","p(95)"],"summaryTimeUnit":"","noColor":false},"state":{"isStdErrTTY":true,"testRunDurationMs":129327.778,"isStdOutTTY":true},"metrics":{"http_req_blocked":{"contains":"time","values":{"p(95)":0.0115,"avg":0.004575269523811918,"min":0.0013,"med":0.003,"max":16.308,"p(90)":0.0056},"type":"trend"},"http_req_sending":{"type":"trend","contains":"time","values":{"p(95)":0.0329,"avg":0.015080480714293874,"min":-0.4597,"med":0.0075,"max":17.6425,"p(90)":0.0187}},"data_received":{"contains":"data","values":{"count":5440400000,"rate":42066755.37253876},"type":"counter"},"http_req_duration":{"type":"trend","contains":"time","values":{"med":43.184,"max":772.834,"p(90)":104.84154000000001,"p(95)":184.91082499999996,"avg":60.08045777261844,"min":1.0338}},"iterations":{"type":"counter","contains":"default","values":{"count":70000,"rate":541.260362487632}},"checks":{"values":{"rate":1,"passes":420000,"fails":0},"type":"rate","contains":"default"},"vus_max":{"type":"gauge","contains":"default","values":{"value":200,"min":200,"max":200}},"http_req_waiting":{"type":"trend","contains":"time","values":{"max":760.1715,"p(90)":102.52216000000001,"p(95)":182.51577999999998,"avg":58.84440483762065,"min":1.0031,"med":42.01885}},"http_reqs":{"values":{"count":420000,"rate":3247.562174925792},"type":"counter","contains":"default"},"http_req_duration{expected_response:true}":{"values":{"max":772.834,"p(90)":104.84154000000001,"p(95)":184.91082499999996,"avg":60.08045777261844,"min":1.0338,"med":43.184},"type":"trend","contains":"time"},"http_req_tls_handshaking":{"type":"trend","contains":"time","values":{"avg":0,"min":0,"med":0,"max":0,"p(90)":0,"p(95)":0}},"http_req_receiving":{"type":"trend","contains":"time","values":{"p(90)":2.2527100000000035,"p(95)":5.097,"avg":1.2209724542856386,"min":0.0097,"med":0.0319,"max":403.906}},"iteration_duration":{"contains":"time","values":{"min":9.7496,"med":299.08669999999995,"max":1117.1122,"p(90)":603.57129,"p(95)":707.8533500000001,"avg":361.05186792428606},"type":"trend"},"http_req_failed":{"type":"rate","contains":"default","values":{"passes":0,"fails":420000,"rate":0}},"http_req_connecting":{"values":{"med":0,"max":1.1708,"p(90)":0,"p(95)":0,"avg":0.000059223095238095234,"min":0},"type":"trend","contains":"time"},"data_sent":{"type":"counter","contains":"data","values":{"count":38010000,"rate":293904.3768307842}},"vus":{"type":"gauge","contains":"default","values":{"value":45,"min":45,"max":200}}}}