{"state":{"isStdOutTTY":true,"isStdErrTTY":true,"testRunDurationMs":142667.3135},"metrics":{"iteration_duration":{"values":{"max":977.2512,"p(90)":410.22166,"p(95)":501.58197999999993,"avg":233.94351553333462,"min":7.6857,"med":189.69965000000002},"type":"trend","contains":"time"},"vus":{"values":{"value":42,"min":42,"max":100},"type":"gauge","contains":"default"},"http_req_connecting":{"type":"trend","contains":"time","values":{"med":0,"max":2.8767,"p(90)":0,"p(95)":0,"avg":0.00010118138888888888,"min":0}},"http_req_failed":{"type":"rate","contains":"default","values":{"rate":0,"passes":0,"fails":360000}},"http_req_sending":{"type":"trend","contains":"time","values":{"p(90)":0.0325,"p(95)":0.0378,"avg":0.020764692500008244,"min":0.0032,"med":0.0084,"max":20.4894}},"vus_max":{"values":{"value":100,"min":100,"max":100},"type":"gauge","contains":"default"},"http_req_tls_handshaking":{"type":"trend","contains":"time","values":{"p(90)":0,"p(95)":0,"avg":0,"min":0,"med":0,"max":0}},"http_req_duration{expected_response:true}":{"type":"trend","contains":"time","values":{"min":0.7952,"med":15.58895,"max":436.7299,"p(90)":91.66376000000002,"p(95)":112.557735,"avg":38.871261695276544}},"checks":{"contains":"default","values":{"rate":1,"passes":360000,"fails":0},"type":"rate"},"data_sent":{"type":"counter","contains":"data","values":{"count":32580000,"rate":228363.45060916845}},"http_req_duration":{"type":"trend","contains":"time","values":{"p(95)":112.557735,"avg":38.871261695276544,"min":0.7952,"med":15.58895,"max":436.7299,"p(90)":91.66376000000002}},"http_req_blocked":{"contains":"time","values":{"min":0.0013,"med":0.0033,"max":5.9038,"p(90)":0.0122,"p(95)":0.0146,"avg":0.005478191111114565},"type":"trend"},"http_req_receiving":{"values":{"avg":1.0422182530555169,"min":0.0088,"med":0.0368,"max":226.0404,"p(90)":1.5077100000000034,"p(95)":3.4221},"type":"trend","contains":"time"},"http_req_waiting":{"type":"trend","contains":"time","values":{"min":0.7577,"med":15.0857,"max":404.8104,"p(90)":90.23693000000004,"p(95)":109.47911,"avg":37.808278749721744}},"http_reqs":{"contains":"default","values":{"rate":2523.353045405176,"count":360000},"type":"counter"},"data_received":{"type":"counter","contains":"data","values":{"count":4663200000,"rate":32685833.11481505}},"iterations":{"type":"counter","contains":"default","values":{"count":60000,"rate":420.55884090086266}}},"root_group":{"path":"","id":"d41d8cd98f00b204e9800998ecf8427e","groups":[],"checks":[{"name":"status was 200","path":"::status was 200","id":"1461660757a913d4fb82ac4c5e1009de","passes":360000,"fails":0}],"name":""},"options":{"noColor":false,"summaryTrendStats":["avg","min","med","max","p(90)","p(95)"],"summaryTimeUnit":""}}