{"metrics":{"vus":{"type":"gauge","contains":"default","values":{"value":32,"min":32,"max":150}},"http_req_duration{expected_response:true}":{"contains":"time","values":{"max":628.0419,"p(90)":97.22821,"p(95)":165.32431499999996,"avg":50.647931265928044,"min":0.8736,"med":26.405450000000002},"type":"trend"},"http_req_receiving":{"type":"trend","contains":"time","values":{"max":317.172,"p(90)":1.650520000000007,"p(95)":3.8524099999999977,"avg":1.0755611498764872,"min":0.0095,"med":0.0327}},"data_received":{"contains":"data","values":{"count":5246100000,"rate":37561332.72462891},"type":"counter"},"http_req_waiting":{"type":"trend","contains":"time","values":{"avg":49.55464419604856,"min":0.8352,"med":25.6055,"max":608.4699,"p(90)":95.55469000000002,"p(95)":162.1337949999999}},"checks":{"type":"rate","contains":"default","values":{"rate":1,"passes":405000,"fails":0}},"iteration_duration":{"contains":"time","values":{"avg":304.49500150962933,"min":8.176,"med":243.0774,"max":1300.6392,"p(90)":521.98215,"p(95)":632.8871299999992},"type":"trend"},"http_reqs":{"values":{"rate":2899.742618988336,"count":405000},"type":"counter","contains":"default"},"data_sent":{"type":"counter","contains":"data","values":{"count":36652500,"rate":262426.7070184444}},"vus_max":{"type":"gauge","contains":"default","values":{"value":150,"min":150,"max":150}},"http_req_sending":{"type":"trend","contains":"time","values":{"med":0.0078,"max":17.9503,"p(90)":0.0264,"p(95)":0.0363,"avg":0.017725920000008395,"min":0.0035}},"http_req_connecting":{"type":"trend","contains":"time","values":{"avg":0.0001408182716049382,"min":0,"med":0,"max":5.2402,"p(90)":0,"p(95)":0}},"http_req_duration":{"contains":"time","values":{"p(95)":165.32431499999996,"avg":50.647931265928044,"min":0.8736,"med":26.405450000000002,"max":628.0419,"p(90)":97.22821},"type":"trend"},"http_req_failed":{"type":"rate","contains":"default","values":{"passes":0,"fails":405000,"rate":0}},"http_req_blocked":{"type":"trend","contains":"time","values":{"avg":0.004826266172842345,"min":0.0013,"med":0.0031,"max":10.4345,"p(90)":0.0077,"p(95)":0.0136}},"http_req_tls_handshaking":{"type":"trend","contains":"time","values":{"p(95)":0,"avg":0,"min":0,"med":0,"max":0,"p(90)":0}},"iterations":{"type":"counter","contains":"default","values":{"rate":483.29043649805595,"count":67500}}},"root_group":{"checks":[{"path":"::status was 200","id":"1461660757a913d4fb82ac4c5e1009de","passes":405000,"fails":0,"name":"status was 200"}],"name":"","path":"","id":"d41d8cd98f00b204e9800998ecf8427e","groups":[]},"options":{"summaryTrendStats":["avg","min","med","max","p(90)","p(95)"],"summaryTimeUnit":"","noColor":false},"state":{"testRunDurationMs":139667.5682,"isStdOutTTY":true,"isStdErrTTY":true}}