{"state":{"testRunDurationMs":163074.8071,"isStdOutTTY":true,"isStdErrTTY":true},"metrics":{"data_sent":{"contains":"data","values":{"count":43440000,"rate":266380.81486959493},"type":"counter"},"http_req_blocked":{"contains":"time","values":{"p(90)":0.0073,"p(95)":0.0132,"avg":0.004700686250002832,"min":0.0013,"med":0.003,"max":12.1636},"type":"trend"},"iteration_duration":{"type":"trend","contains":"time","values":{"max":1297.3101,"p(90)":683.5007800000001,"p(95)":774.7770200000001,"avg":399.3836198687507,"min":8.7495,"med":325.2795}},"vus_max":{"type":"gauge","contains":"default","values":{"value":200,"min":200,"max":200}},"data_received":{"type":"counter","contains":"data","values":{"count":6217600000,"rate":38127287.16697038}},"http_req_duration{expected_response:true}":{"type":"trend","contains":"time","values":{"avg":66.46697268166584,"min":0.9183,"med":52.0933,"max":689.0552,"p(90)":141.2495600000002,"p(95)":200.10234499999999}},"http_req_duration":{"type":"trend","contains":"time","values":{"avg":66.46697268166584,"min":0.9183,"med":52.0933,"max":689.0552,"p(90)":141.2495600000002,"p(95)":200.10234499999999}},"http_req_connecting":{"type":"trend","contains":"time","values":{"max":5.5594,"p(90)":0,"p(95)":0,"avg":0.0001454195833333333,"min":0,"med":0}},"http_reqs":{"type":"counter","contains":"default","values":{"count":480000,"rate":2943.4344184485626}},"http_req_receiving":{"type":"trend","contains":"time","values":{"max":398.6105,"p(90)":2.1193100000000036,"p(95)":5.238904999999999,"avg":1.3310107349999019,"min":0.0096,"med":0.0324}},"http_req_tls_handshaking":{"type":"trend","contains":"time","values":{"min":0,"med":0,"max":0,"p(90)":0,"p(95)":0,"avg":0}},"http_req_sending":{"type":"trend","contains":"time","values":{"min":-0.0868,"med":0.0076,"max":19.728,"p(90)":0.0239,"p(95)":0.0354,"avg":0.014494432500008501}},"checks":{"type":"rate","contains":"default","values":{"rate":1,"passes":480000,"fails":0}},"vus":{"type":"gauge","contains":"default","values":{"value":7,"min":7,"max":200}},"http_req_failed":{"values":{"rate":0,"passes":0,"fails":480000},"type":"rate","contains":"default"},"iterations":{"type":"counter","contains":"default","values":{"count":80000,"rate":490.5724030747605}},"http_req_waiting":{"contains":"time","values":{"med":51.41065,"max":682.9041,"p(90)":133.91252000000046,"p(95)":197.451745,"avg":65.12146751416695,"min":0.8917},"type":"trend"}},"root_group":{"name":"","path":"","id":"d41d8cd98f00b204e9800998ecf8427e","groups":[],"checks":[{"name":"status was 200","path":"::status was 200","id":"1461660757a913d4fb82ac4c5e1009de","passes":480000,"fails":0}]},"options":{"noColor":false,"summaryTrendStats":["avg","min","med","max","p(90)","p(95)"],"summaryTimeUnit":""}}