{"state":{"isStdOutTTY":true,"isStdErrTTY":true,"testRunDurationMs":99488.6162},"metrics":{"http_req_duration{expected_response:true}":{"contains":"time","values":{"avg":20.230680231250407,"min":0.5954,"med":6.7976,"max":380.9415,"p(90)":65.90103000000005,"p(95)":82.82343999999999},"type":"trend"},"data_received":{"type":"counter","contains":"data","values":{"count":3108800000,"rate":31247796.167457398}},"http_req_blocked":{"type":"trend","contains":"time","values":{"avg":0.00558690250000205,"min":0.0014,"med":0.0033,"max":9.6282,"p(90)":0.0108,"p(95)":0.0152}},"http_req_failed":{"type":"rate","contains":"default","values":{"rate":0,"passes":0,"fails":240000}},"vus_max":{"type":"gauge","contains":"default","values":{"value":50,"min":50,"max":50}},"http_req_waiting":{"type":"trend","contains":"time","values":{"min":0.5508,"med":6.4837,"max":379.8567,"p(90)":64.89154000000002,"p(95)":81.46861499999999,"avg":19.54126556791715}},"http_reqs":{"type":"counter","contains":"default","values":{"count":240000,"rate":2412.3362970245034}},"iteration_duration":{"type":"trend","contains":"time","values":{"p(95)":383.44324499999993,"avg":122.07062624749912,"min":6.5876,"med":92.5901,"max":775.3969,"p(90)":277.9058399999999}},"http_req_connecting":{"type":"trend","contains":"time","values":{"avg":0.0001305733333333333,"min":0,"med":0,"max":1.3222,"p(90)":0,"p(95)":0}},"http_req_receiving":{"type":"trend","contains":"time","values":{"p(90)":1.0680100000000006,"p(95)":2.1865,"avg":0.6693203962500226,"min":0.0095,"med":0.0339,"max":117.7427}},"http_req_duration":{"type":"trend","contains":"time","values":{"min":0.5954,"med":6.7976,"max":380.9415,"p(90)":65.90103000000005,"p(95)":82.82343999999999,"avg":20.230680231250407}},"http_req_tls_handshaking":{"values":{"med":0,"max":0,"p(90)":0,"p(95)":0,"avg":0,"min":0},"type":"trend","contains":"time"},"data_sent":{"type":"counter","contains":"data","values":{"count":21720000,"rate":218316.43488071754}},"checks":{"type":"rate","contains":"default","values":{"rate":1,"passes":240000,"fails":0}},"http_req_sending":{"type":"trend","contains":"time","values":{"p(90)":0.031,"p(95)":0.0387,"avg":0.020094267083340434,"min":0.0035,"med":0.0081,"max":19.4041}},"iterations":{"contains":"default","values":{"count":40000,"rate":402.0560495040839},"type":"counter"},"vus":{"type":"gauge","contains":"default","values":{"value":14,"min":14,"max":50}}},"root_group":{"path":"","id":"d41d8cd98f00b204e9800998ecf8427e","groups":[],"checks":[{"name":"status was 200","path":"::status was 200","id":"1461660757a913d4fb82ac4c5e1009de","passes":240000,"fails":0}],"name":""},"options":{"summaryTrendStats":["avg","min","med","max","p(90)","p(95)"],"summaryTimeUnit":"","noColor":false}}