{"state":{"testRunDurationMs":151388.5106,"isStdOutTTY":true,"isStdErrTTY":true},"metrics":{"iterations":{"type":"counter","contains":"default","values":{"rate":528.441687436748,"count":80000}},"http_req_tls_handshaking":{"type":"trend","contains":"time","values":{"avg":0,"min":0,"med":0,"max":0,"p(90)":0,"p(95)":0}},"data_sent":{"type":"counter","contains":"data","values":{"count":43440000,"rate":286943.83627815417}},"data_received":{"type":"counter","contains":"data","values":{"rate":41070487.94758405,"count":6217600000}},"iteration_duration":{"contains":"time","values":{"p(90)":599.2356500000001,"p(95)":692.089725,"avg":368.9872411362499,"min":8.5747,"med":310.3115,"max":1352.0746},"type":"trend"},"http_req_receiving":{"type":"trend","contains":"time","values":{"avg":1.2379669402082905,"min":0.0093,"med":0.0324,"max":377.2167,"p(90)":2.225220000000007,"p(95)":5.130809999999998}},"http_req_duration":{"type":"trend","contains":"time","values":{"min":0.9431,"med":43.055099999999996,"max":977.3368,"p(90)":116.06448000000003,"p(95)":190.59954499999998,"avg":61.40000233437348}},"checks":{"type":"rate","contains":"default","values":{"rate":1,"passes":480000,"fails":0}},"http_req_blocked":{"type":"trend","contains":"time","values":{"p(90)":0.0068,"p(95)":0.013,"avg":0.0048596900000030495,"min":0.0013,"med":0.003,"max":16.2351}},"http_req_sending":{"values":{"max":37.5099,"p(90)":0.0229,"p(95)":0.0353,"avg":0.015135475000008794,"min":0.0035,"med":0.0076},"type":"trend","contains":"time"},"http_req_failed":{"type":"rate","contains":"default","values":{"rate":0,"passes":0,"fails":480000}},"vus_max":{"values":{"value":200,"min":200,"max":200},"type":"gauge","contains":"default"},"vus":{"type":"gauge","contains":"default","values":{"value":54,"min":54,"max":200}},"http_reqs":{"type":"counter","contains":"default","values":{"count":480000,"rate":3170.650124620488}},"http_req_duration{expected_response:true}":{"type":"trend","contains":"time","values":{"p(90)":116.06448000000003,"p(95)":190.59954499999998,"avg":61.40000233437348,"min":0.9431,"med":43.055099999999996,"max":977.3368}},"http_req_connecting":{"type":"trend","contains":"time","values":{"avg":0.00031685999999999997,"min":0,"med":0,"max":3.1119,"p(90)":0,"p(95)":0}},"http_req_waiting":{"type":"trend","contains":"time","values":{"avg":60.14689991916682,"min":0.8937,"med":41.9758,"max":975.949,"p(90)":113.28633,"p(95)":187.57646499999984}}},"root_group":{"name":"","path":"","id":"d41d8cd98f00b204e9800998ecf8427e","groups":[],"checks":[{"name":"status was 200","path":"::status was 200","id":"1461660757a913d4fb82ac4c5e1009de","passes":480000,"fails":0}]},"options":{"summaryTrendStats":["avg","min","med","max","p(90)","p(95)"],"summaryTimeUnit":"","noColor":false}}