{"state":{"testRunDurationMs":123127.0512,"isStdOutTTY":true,"isStdErrTTY":true},"metrics":{"http_req_sending":{"type":"trend","contains":"time","values":{"med":0.0081,"max":20.8973,"p(90)":0.0288,"p(95)":0.0381,"avg":0.01916381212121964,"min":0.0035}},"data_received":{"type":"counter","contains":"data","values":{"count":4274600000,"rate":34716985.08442798}},"vus_max":{"type":"gauge","contains":"default","values":{"value":100,"min":100,"max":100}},"http_req_tls_handshaking":{"type":"trend","contains":"time","values":{"p(95)":0,"avg":0,"min":0,"med":0,"max":0,"p(90)":0}},"data_sent":{"type":"counter","contains":"data","values":{"count":29865000,"rate":242554.33480242398}},"iteration_duration":{"values":{"p(90)":404.86059,"p(95)":508.97631499999994,"avg":220.32568327454558,"min":7.8439,"med":178.92385000000002,"max":1071.1878},"type":"trend","contains":"time"},"http_req_connecting":{"type":"trend","contains":"time","values":{"max":1.9887,"p(90)":0,"p(95)":0,"avg":0.00004051545454545454,"min":0,"med":0}},"http_req_blocked":{"type":"trend","contains":"time","values":{"avg":0.005042264545457457,"min":0.0013,"med":0.0032,"max":14.4589,"p(90)":0.0092,"p(95)":0.0144}},"http_reqs":{"contains":"default","values":{"count":330000,"rate":2680.158395606895},"type":"counter"},"http_req_failed":{"contains":"default","values":{"fails":330000,"rate":0,"passes":0},"type":"rate"},"http_req_duration":{"type":"trend","contains":"time","values":{"max":726.7539,"p(90)":85.1217,"p(95)":108.55633499999998,"avg":36.611097283636326,"min":0.7297,"med":14.81315}},"vus":{"type":"gauge","contains":"default","values":{"value":22,"min":22,"max":100}},"http_req_duration{expected_response:true}":{"type":"trend","contains":"time","values":{"min":0.7297,"med":14.81315,"max":726.7539,"p(90)":85.1217,"p(95)":108.55633499999998,"avg":36.611097283636326}},"http_req_waiting":{"type":"trend","contains":"time","values":{"avg":35.685561868485316,"min":0.7038,"med":14.37155,"max":705.3084,"p(90)":83.75599000000005,"p(95)":106.23313999999998}},"http_req_receiving":{"values":{"max":197.0778,"p(90)":1.3903,"p(95)":3.0363199999999955,"avg":0.9063716030302847,"min":0.0096,"med":0.0338},"type":"trend","contains":"time"},"iterations":{"contains":"default","values":{"count":55000,"rate":446.6930659344825},"type":"counter"},"checks":{"type":"rate","contains":"default","values":{"rate":1,"passes":330000,"fails":0}}},"root_group":{"name":"","path":"","id":"d41d8cd98f00b204e9800998ecf8427e","groups":[],"checks":[{"id":"1461660757a913d4fb82ac4c5e1009de","passes":330000,"fails":0,"name":"status was 200","path":"::status was 200"}]},"options":{"noColor":false,"summaryTrendStats":["avg","min","med","max","p(90)","p(95)"],"summaryTimeUnit":""}}