{"state":{"isStdOutTTY":true,"isStdErrTTY":true,"testRunDurationMs":161105.0458},"metrics":{"http_req_duration{expected_response:true}":{"type":"trend","contains":"time","values":{"p(90)":135.40427000000037,"p(95)":203.46023999999994,"avg":65.24345346187418,"min":0.9622,"med":47.005700000000004,"max":770.8372}},"http_req_sending":{"type":"trend","contains":"time","values":{"max":20.0858,"p(90)":0.0262,"p(95)":0.0368,"avg":0.014988541666675001,"min":0.0034,"med":0.0078}},"data_received":{"type":"counter","contains":"data","values":{"count":6217600000,"rate":38593452.91840636}},"vus_max":{"type":"gauge","contains":"default","values":{"value":200,"min":200,"max":200}},"iterations":{"type":"counter","contains":"default","values":{"count":80000,"rate":496.5704184046109}},"data_sent":{"values":{"rate":269637.7371937037,"count":43440000},"type":"counter","contains":"data"},"http_req_failed":{"type":"rate","contains":"default","values":{"rate":0,"passes":0,"fails":480000}},"http_req_connecting":{"type":"trend","contains":"time","values":{"p(90)":0,"p(95)":0,"avg":0.0000786210416666667,"min":0,"med":0,"max":3.1802}},"http_req_tls_handshaking":{"type":"trend","contains":"time","values":{"p(95)":0,"avg":0,"min":0,"med":0,"max":0,"p(90)":0}},"vus":{"type":"gauge","contains":"default","values":{"value":15,"min":15,"max":200}},"http_req_waiting":{"type":"trend","contains":"time","values":{"p(90)":130.27436000000034,"p(95)":200.2366149999999,"avg":63.8539045924989,"min":0.9,"med":46.0381,"max":733.0929}},"http_req_duration":{"type":"trend","contains":"time","values":{"avg":65.24345346187418,"min":0.9622,"med":47.005700000000004,"max":770.8372,"p(90)":135.40427000000037,"p(95)":203.46023999999994}},"checks":{"type":"rate","contains":"default","values":{"rate":1,"passes":480000,"fails":0}},"http_reqs":{"values":{"count":480000,"rate":2979.422510427665},"type":"counter","contains":"default"},"http_req_receiving":{"type":"trend","contains":"time","values":{"avg":1.3745603277082727,"min":-0.0698,"med":0.0334,"max":283.943,"p(90)":2.3158,"p(95)":5.557504999999999}},"iteration_duration":{"type":"trend","contains":"time","values":{"avg":392.07040998625615,"min":8.5047,"med":314.3157,"max":1290.3791,"p(90)":652.2154600000002,"p(95)":727.6209750000002}},"http_req_blocked":{"contains":"time","values":{"p(95)":0.0139,"avg":0.00465419750000237,"min":0.0013,"med":0.0031,"max":10.0279,"p(90)":0.0077},"type":"trend"}},"root_group":{"name":"","path":"","id":"d41d8cd98f00b204e9800998ecf8427e","groups":[],"checks":[{"id":"1461660757a913d4fb82ac4c5e1009de","passes":480000,"fails":0,"name":"status was 200","path":"::status was 200"}]},"options":{"summaryTrendStats":["avg","min","med","max","p(90)","p(95)"],"summaryTimeUnit":"","noColor":false}}