{"options":{"summaryTrendStats":["avg","min","med","max","p(90)","p(95)"],"summaryTimeUnit":"","noColor":false},"state":{"isStdOutTTY":true,"isStdErrTTY":true,"testRunDurationMs":142619.832549},"metrics":{"http_req_waiting":{"type":"trend","contains":"time","values":{"max":400.535177,"p(90)":93.34301329999998,"p(95)":113.92574424999997,"avg":47.03409885883354,"min":0.745856,"med":38.7946175}},"http_req_connecting":{"type":"trend","contains":"time","values":{"min":0,"med":0,"max":9.577947,"p(90)":0,"p(95)":0,"avg":0.0018911903016666657}},"http_req_duration{expected_response:true}":{"type":"trend","contains":"time","values":{"p(90)":94.13679839999998,"p(95)":115.02860729999996,"avg":47.391947620171855,"min":0.790424,"med":39.0154805,"max":400.665234}},"vus":{"type":"gauge","contains":"default","values":{"min":200,"max":200,"value":200}},"http_req_tls_handshaking":{"type":"trend","contains":"time","values":{"avg":0,"min":0,"med":0,"max":0,"p(90)":0,"p(95)":0}},"checks":{"type":"rate","contains":"default","values":{"rate":1,"passes":600000,"fails":0}},"http_req_duration":{"type":"trend","contains":"time","values":{"avg":47.391947620171855,"min":0.790424,"med":39.0154805,"max":400.665234,"p(90)":94.13679839999998,"p(95)":115.02860729999996}},"iterations":{"type":"counter","contains":"default","values":{"count":100000,"rate":701.1647553690889}},"iteration_duration":{"type":"trend","contains":"time","values":{"p(95)":413.9417955499999,"avg":285.1042939884222,"min":72.473196,"med":278.81318,"max":778.222021,"p(90)":379.6949285}},"vus_max":{"type":"gauge","contains":"default","values":{"value":200,"min":200,"max":200}},"http_req_blocked":{"type":"trend","contains":"time","values":{"avg":0.011847540080001192,"min":0.001325,"med":0.002946,"max":38.265448,"p(90)":0.004388,"p(95)":0.005896}},"http_req_receiving":{"type":"trend","contains":"time","values":{"avg":0.32605912054333835,"min":0.010908,"med":0.035662,"max":202.153745,"p(90)":0.4383473999999999,"p(95)":0.9838501999999983}},"data_received":{"type":"counter","contains":"data","values":{"count":7772000000,"rate":54494524.78728559}},"http_reqs":{"type":"counter","contains":"default","values":{"count":600000,"rate":4206.988532214533}},"data_sent":{"type":"counter","contains":"data","values":{"count":96900000,"rate":679428.6479526471}},"http_req_failed":{"type":"rate","contains":"default","values":{"fails":600000,"rate":0,"passes":0}},"http_req_sending":{"values":{"max":65.022377,"p(90)":0.021836,"p(95)":0.0921031499999998,"avg":0.03178964079499996,"min":0.003951,"med":0.008265},"type":"trend","contains":"time"}},"root_group":{"checks":[{"id":"1461660757a913d4fb82ac4c5e1009de","passes":600000,"fails":0,"name":"status was 200","path":"::status was 200"}],"name":"","path":"","id":"d41d8cd98f00b204e9800998ecf8427e","groups":[]}}